,rid,pid,GNIS_NA,HUC6,STATE,OBSPRED,TAILWAT,ELEV,CANOPY,SLOPE,PRECIP,CUMDRAI,Y_COORD,NLCD11P,BFI,temp,S30_204,S32_208,RepetID,Yrange,size,F_BFI_H,barrier,length,numSpE,rchChng,NativNt,pNat,pComm,prsGlcE,prsGlcL,pisc,nClnzSp,FHMN,LNDC,CRCH,PKF,SDSH,LNSU,WSU,EB,CMSH,STR,JDT,BRSB,SMB,GSUN,CARP,YP,LL,PTMN,RB,LMB,MWF,NRBDC,LKCH,BRMN,IOWA,BLBH,NP,WSMN,PLMN,SCAT,SHRH,NPDC,WHCR,RKB,GSH,FHCH,SGR,WE,RCSU,PUMP,CCAT,RMCOT,PLSU,WS_PLMN,GE,ONC,SPSH,SPDC,MTSU,RMCT,RSSH,COLCOT,EMSH,HYBOG,BMSH,BHSU,FMSU,FMxWSU,DRUM,SMBUF,BMBUF,ODT,BLCR,FSDC,HHCH,GDF,BG,RDSH,GAM,GZS,TGT,YLBH,STCH,GILA,LING,QBK,SPK,LSCH,WCT,RTCH,SSTRG,LWF,WBS,SFCH,PSTRG,BSU,CIS,PF,GR,SMMN,BHxWSU,KOK,LT,snapdst,PU,rGlac,rPeri,rPela,rMont,GearMiss,ratio,snapdist,upDist,afvArea,locID,netID,netgeom,prosper,YrangeCat,pGlac,pNotGlac,pGlacRel,pNotGlacRel,pIntroduced,Turnover,geometry,FragCat,TempCat,
138,3616,138,Little Snake River,1.405e,Wyoming,216989,0,1903.26,10.35,0.00174669,295.59,5308.91,1230762,0.078135,56,18.3,19.39,20.21,168,39,3.757958269,0.14231376,1,23.941,9,-5,-4,0.2,0.222222222,0.001,0.5,0,2,0,NA,0,NA,NA,NA,1,NA,NA,NA,NA,NA,NA,NA,1,NA,NA,NA,NA,NA,0,NA,NA,NA,NA,1,NA,NA,NA,NA,NA,NA,NA,NA,NA,NA,NA,NA,NA,NA,NA,NA,NA,NA,NA,NA,NA,0,NA,NA,0,0,NA,NA,NA,0,NA,NA,NA,NA,NA,NA,NA,NA,NA,NA,NA,NA,NA,NA,NA,NA,NA,NA,NA,NA,NA,NA,NA,1,NA,NA,NA,NA,NA,NA,NA,NA,NA,NA,NA,NA,NA,0.01734417,GREEN,0.001,0.333333333,NA,0.001,M,0.911286795,0,13439.04855,1,138,4,SNETWORK (4 3616 13439.0485525637 0.911286795338347 138 138),0.831715154,XL,0,0.5,NA,0.2,0.25,0.818181818,c(-969718.079968905, 2062977.01933068),Smaller (<62 km),Cool
139,3624,139,Little Snake River,1.405e,Wyoming,216498,0,1933.05,11.31,0.0025962,347.36,2798.12,1230183,0.091572,57,17.36,18.43,19.23,169,34,2.497768963,0.09795353,1,23.941,7,2,-1,0.666666667,0.857142857,0.666666667,NA,0,3,1,NA,1,NA,NA,NA,1,NA,NA,NA,NA,NA,NA,NA,1,NA,NA,NA,1,NA,0,NA,NA,NA,NA,NA,NA,NA,NA,NA,NA,NA,NA,NA,NA,NA,NA,NA,NA,NA,NA,NA,NA,NA,NA,NA,NA,1,NA,NA,1,1,NA,NA,NA,NA,NA,NA,NA,NA,NA,NA,NA,NA,NA,NA,NA,NA,NA,NA,NA,NA,NA,NA,NA,NA,NA,NA,NA,NA,NA,NA,NA,NA,NA,NA,NA,NA,NA,NA,1,NA,NA,0.003143931,GREEN,0.999,0.001,NA,0.999,M,0.600439042,0,29071.6109,0.535842769,139,4,SNETWORK (4 3624 29071.610900672 0.600439041695278 139 139),0.819848485,XL,0.666666667,NA,NA,0.666666667,1,0.4,c(-960935.34670794, 2060659.65071081),Smaller (<62 km),Cool
140,3630,140,Savery Creek,1.405e,Wyoming,217708,0,2039.06,23.07,0.00607045,447.44,866.56,1238534,0.225063,60,16.29,17.33,18.12,280,12,0.579629154,0.18971348,0,46.719,7,0,0,0.999,0.857142857,0.999,NA,0,1,1,NA,1,NA,NA,NA,1,0,NA,NA,NA,NA,NA,NA,NA,NA,NA,NA,NA,NA,NA,NA,NA,NA,NA,NA,NA,NA,NA,NA,NA,NA,NA,NA,NA,NA,NA,NA,NA,NA,NA,NA,NA,NA,NA,NA,NA,1,1,NA,1,1,NA,NA,NA,NA,NA,NA,NA,NA,NA,NA,NA,NA,NA,NA,NA,NA,NA,NA,NA,NA,NA,NA,NA,NA,NA,NA,NA,NA,NA,NA,NA,NA,NA,NA,NA,NA,NA,NA,NA,NA,NA,0.033824234,GREEN,0.999,NA,NA,0.999,M,0.974293178,0,57306.041,0.535842769,140,4,SNETWORK (4 3630 57306.0410024074 0.974293178117234 140 140),0.826539394,S,1,NA,NA,1,0.75,0.25,c(-946018.673309453, 2066472.31845371),Smaller (<62 km),Cool
141,3637,141,Savery Creek,1.405e,Wyoming,221123,0,2147.07,6.51,4.44e-05,558.41,498.71,1253760,0.389806,63,15.97,17,17.78,279,12,0.33330728,0.2387637,0,46.719,5,2,1,0.999,0.8,0.999,NA,0,3,0,NA,1,NA,NA,NA,1,NA,NA,NA,NA,NA,NA,NA,NA,NA,NA,NA,1,NA,NA,NA,NA,NA,NA,NA,NA,NA,NA,NA,NA,NA,NA,NA,NA,NA,NA,NA,NA,NA,NA,NA,NA,NA,NA,NA,NA,1,1,NA,1,1,NA,NA,NA,NA,NA,NA,NA,NA,NA,NA,NA,NA,NA,NA,NA,NA,NA,NA,NA,NA,NA,NA,NA,NA,NA,NA,NA,NA,NA,NA,NA,NA,NA,NA,NA,NA,NA,NA,NA,NA,NA,0.027127138,GREEN,0.999,NA,NA,0.999,M,0.16619002,0,77802.60718,0.535842769,141,4,SNETWORK (4 3637 77802.6071801438 0.166190019717474 141 141),0.832133335,S,1,NA,NA,1,0.666666667,0.5,c(-943186.295909027, 2081071.17842487),Smaller (<62 km),Cool
142,3638,142,Savery Creek,1.405e,Wyoming,221476,0,2153.22,31.81,0.00239714,563.75,435.02,1256150,0.445636,62,15.29,16.31,17.07,281,47,0.293165376,0.22832883,0,46.719,3,5,2,0.5,0.666666667,0.999,0.001,1,6,NA,NA,NA,NA,NA,NA,1,1,NA,NA,NA,NA,NA,NA,NA,NA,NA,NA,1,NA,NA,NA,NA,NA,NA,NA,NA,NA,NA,NA,NA,NA,NA,NA,NA,NA,NA,NA,NA,NA,NA,NA,NA,NA,NA,NA,NA,1,1,1,NA,1,NA,NA,NA,NA,0,NA,NA,NA,NA,NA,NA,NA,NA,NA,NA,NA,NA,NA,1,NA,NA,NA,NA,NA,NA,NA,NA,NA,NA,NA,NA,NA,NA,NA,NA,NA,NA,NA,NA,NA,NA,0.019943606,GREEN,0.999,0.001,NA,0.999,,0.917201589,0,83728.28306,0.535842769,142,4,SNETWORK (4 3638 83728.2830555624 0.917201588775009 142 142),0.826587883,XL,1,0,NA,0.5,1,0.777777778,c(-941344.04898718, 2083378.61392417),Smaller (<62 km),Cool
143,3641,143,North Fork Savery Creek,1.405e,Wyoming,222676,0,2227.74,5.4,0.0130803,610.36,124.63,1261223,0.376944,62,15.08,16.09,16.85,240,14,0.085068619,0.26213936,0,27.8,8,-4,-3,0.25,0.375,0.25,NA,0,1,1,NA,0,NA,NA,NA,1,1,NA,NA,NA,NA,NA,NA,NA,NA,NA,NA,0,NA,0,NA,NA,NA,NA,NA,NA,NA,NA,NA,NA,NA,NA,NA,NA,NA,NA,NA,NA,NA,NA,NA,NA,NA,NA,NA,NA,0,0,NA,NA,1,NA,NA,NA,NA,NA,NA,NA,NA,NA,NA,NA,NA,NA,NA,NA,NA,NA,NA,NA,NA,NA,NA,NA,NA,NA,NA,NA,NA,NA,NA,NA,NA,NA,NA,NA,NA,NA,NA,NA,NA,NA,0.004279719,GREEN,0.333333333,0.001,NA,0.999,M,0.542384235,0,95204.13598,0.242470096,143,4,SNETWORK (4 3641 95204.1359803493 0.542384234674598 143 143),0.822939396,S,0.25,NA,NA,0.25,0.5,0.666666667,c(-934619.489841787, 2087316.73134808),Smaller (<62 km),Cool
144,3644,144,Dirtyman Fork,1.405e,Wyoming,221538,0,2244.4,0,0.01040121,652.14,86.73,1258504,0.410942,62,15.16,16.17,16.93,113,12,0.059000652,0.13879185,0,2.071,5,-2,-1,0.5,0.4,0.5,NA,0,1,0,NA,0,NA,NA,NA,1,NA,NA,NA,NA,NA,NA,NA,NA,NA,NA,NA,NA,NA,NA,NA,NA,NA,NA,NA,NA,NA,NA,NA,NA,NA,NA,NA,NA,NA,NA,NA,NA,NA,NA,NA,NA,NA,NA,NA,NA,0,NA,NA,1,1,NA,NA,NA,NA,NA,NA,NA,NA,NA,NA,NA,NA,NA,NA,NA,NA,NA,NA,NA,NA,NA,NA,NA,NA,NA,NA,NA,NA,NA,NA,NA,NA,NA,NA,NA,NA,NA,NA,NA,NA,NA,0.002841299,GREEN,0.5,NA,NA,0.999,,0.8086192,1.63396690595176e-09,96711.53743,0.293372673,144,4,SNETWORK (4 3644 96711.5374317565 0.80861919984854 144 144),0.797600006,S,0.5,NA,NA,0.5,0.333333333,0.666666667,c(-933278.736442499, 2084105.94260603),Smaller (<62 km),Cool
146,3664,146,Muddy Creek,1.405e,Wyoming,226673,0,2026.42,0,0.00206276,270.43,547.18,1274088,0.095728,61,18.72,19.82,20.65,197,30,0.300844965,0.51307725,1,16.028,4,2,0,0.666666667,0.75,NA,0.666666667,0,3,1,NA,1,NA,NA,NA,1,NA,NA,NA,NA,NA,NA,NA,NA,NA,NA,NA,NA,NA,NA,NA,NA,NA,NA,NA,NA,NA,NA,NA,NA,NA,NA,NA,NA,NA,NA,NA,NA,NA,NA,NA,NA,NA,NA,NA,NA,1,NA,NA,NA,NA,NA,NA,NA,1,0,NA,NA,NA,NA,NA,NA,NA,NA,NA,NA,NA,NA,NA,NA,NA,NA,NA,NA,NA,NA,NA,NA,1,NA,NA,NA,NA,NA,NA,NA,NA,NA,NA,NA,NA,NA,0.008731318,GREEN,0.999,0.666666667,NA,NA,M,0.896659117,0,100080.5468,0.437450112,146,4,SNETWORK (4 3664 100080.546848165 0.896659117477478 146 146),0.678175755,XL,NA,0.666666667,NA,0.666666667,1,0.571428571,c(-972508.111567088, 2108145.12651965),Smaller (<62 km),Cool
145,3660,145,Wild Cow Creek,140500,Wyoming,222729,0,1995.69,14.47,0.00651284,370.54,112.03,1257352,0.01205,60,16.81,17.86,18.66,332,19,0.068142242,0.51923167,0,23.333,5,-3,-1,0.001,0.4,0.001,NA,0,0,1,NA,1,NA,NA,NA,0,NA,NA,NA,NA,NA,NA,NA,NA,NA,NA,NA,NA,NA,NA,NA,NA,NA,NA,NA,NA,NA,NA,NA,NA,NA,NA,NA,NA,NA,NA,NA,NA,NA,NA,NA,NA,NA,NA,NA,NA,0,NA,NA,0,NA,NA,NA,NA,NA,NA,NA,NA,NA,NA,NA,NA,NA,NA,NA,NA,NA,NA,NA,NA,NA,NA,NA,NA,NA,NA,NA,NA,NA,NA,NA,NA,NA,NA,NA,NA,NA,NA,NA,NA,NA,NA,0.042357986,GREEN,0.001,NA,NA,NA,M,0.455055557,3.74886258228324e-09,67896.91955,0.026707119,145,4,SNETWORK (4 3660 67896.9195534454 0.455055557043517 145 145),0.466060606,M,0,NA,NA,0,0.5,0.6,c(-961994.34418483, 2088763.84859701),Smaller (<62 km),Cool
70,2276,70,Alkali Creek,140401,Wyoming,251808,0,2079.99,0,0.00223599,216.5,413.2,1383413.21,0,63,15.82,16.85,17.63,340,19,0.174857853,0.75141898,0,22.878,2,-2,NA,NA,0.001,NA,NA,0,0,0,NA,NA,NA,NA,NA,0,NA,NA,NA,NA,NA,NA,NA,NA,NA,NA,NA,NA,NA,NA,NA,NA,NA,NA,NA,NA,NA,NA,NA,NA,NA,NA,NA,NA,NA,NA,NA,NA,NA,NA,NA,NA,NA,NA,NA,NA,NA,NA,NA,NA,NA,NA,NA,NA,NA,NA,NA,NA,NA,NA,NA,NA,NA,NA,NA,NA,NA,NA,NA,NA,NA,NA,NA,NA,NA,NA,NA,NA,NA,NA,NA,NA,NA,NA,NA,NA,NA,NA,NA,NA,NA,NA,0.010194481,GREEN,NA,NA,NA,NA,M,0.796976204,0,408990.3768,0.156003698,70,9,SNETWORK (9 2276 408990.37683612 0.796976204050513 70 70),0.434812123,M,NA,NA,NA,NA,0,0.999,c(-1135686.74932607, 2253540.4769511),Smaller (<62 km),Cool
74,2385,74,Muddy Creek,140401,Wyoming,254443,0,2116.31,0.69,0.00491694,255.25,203.12,1399877,0,65,15.19,16.2,16.96,376,20,0.096134373,0.49839257,0,50.638,5,-3,-1,0.5,0.4,0.5,NA,0,0,0,NA,NA,NA,NA,NA,0,NA,NA,NA,NA,NA,NA,NA,NA,NA,NA,NA,NA,NA,NA,NA,NA,NA,NA,NA,NA,NA,NA,NA,NA,NA,NA,NA,NA,NA,NA,NA,NA,NA,NA,NA,NA,NA,NA,NA,NA,1,NA,NA,1,0,NA,NA,NA,NA,NA,NA,NA,NA,NA,NA,NA,NA,NA,NA,NA,NA,NA,NA,NA,NA,NA,NA,NA,NA,NA,NA,NA,NA,NA,NA,NA,NA,NA,NA,NA,NA,NA,NA,NA,NA,NA,0.037797585,GREEN,0.5,NA,NA,0.001,M,0.980699949,0,421185.3242,0.017625168,74,9,SNETWORK (9 2385 421185.324201449 0.980699948592464 74 74),0.581745448,M,0.5,NA,NA,0.5,0.333333333,0.6,c(-1141823.45299284, 2271570.71546617),Smaller (<62 km),Cool
75,2402,75,Fontenelle Creek,140401,Wyoming,245128,0,2040.78,14.98,0.00449438,218.9,461.54,1332268,0.01053,72,15.28,16.29,17.06,364,22,0.377570471,0.237122,1,12.774,11,-8,-3,0.4,0.272727273,0.4,NA,0,0,0,NA,NA,NA,NA,NA,1,NA,NA,NA,NA,NA,NA,NA,NA,NA,0,NA,0,NA,0,NA,0,NA,NA,NA,NA,NA,NA,NA,NA,NA,NA,NA,NA,NA,NA,NA,NA,NA,NA,NA,NA,NA,NA,NA,NA,1,0,0,0,1,NA,NA,NA,NA,NA,NA,NA,NA,NA,NA,NA,NA,NA,NA,NA,NA,NA,NA,NA,NA,NA,NA,NA,NA,NA,NA,NA,NA,NA,NA,NA,NA,NA,NA,NA,NA,NA,NA,NA,NA,NA,0.045781192,GREEN,0.666666667,0.001,NA,0.999,M,6.42720316423873e-06,0,346718.5659,0.019711585,75,9,SNETWORK (9 2402 346718.565896147 6.42720316423873e-06 75 75),0.828357572,L,0.4,NA,NA,0.4,0.166666667,0.727272727,c(-1169800.79581443, 2207857.86360492),Smaller (<62 km),Cool
76,2415,76,Little Cottonwood Creek,140401,Wyoming,255803,0,2338.54,8.74,0.00728483,431.93,49.85,1407624,0,67,13.3,14.27,15,371,26,0.052092246,0.26734531,0,7.722,3,-2,-2,0.001,0.001,0.001,NA,0,1,NA,NA,NA,NA,NA,NA,NA,NA,NA,NA,NA,NA,NA,NA,NA,NA,NA,NA,NA,NA,NA,NA,NA,NA,NA,NA,NA,NA,NA,NA,NA,NA,NA,NA,NA,NA,NA,NA,NA,NA,NA,NA,NA,NA,NA,NA,NA,0,0,0,NA,1,NA,NA,NA,NA,NA,NA,NA,NA,NA,NA,NA,NA,NA,NA,NA,NA,NA,NA,NA,NA,NA,NA,NA,NA,NA,NA,NA,NA,NA,NA,NA,NA,NA,NA,NA,NA,NA,NA,NA,NA,NA,0.038755203,GREEN,0.333333333,NA,NA,0.999,,0.644513146,0,493911.1351,0.013084993,76,9,SNETWORK (9 2415 493911.135055032 0.644513145582507 76 76),0.721666665,L,0,NA,NA,0,NA,0.999,c(-1164135.28358816, 2283765.3545008),Smaller (<62 km),Cold
79,2432,79,North Muddy Creek,140401,Wyoming,246862,0,2105.65,0,0.00902439,260.01,35.18,1344626,0,73,14.98,15.99,16.75,380,20,0.015840104,0.58956451,0,15.107,3,-3,-2,0.001,0.001,0.001,NA,0,0,NA,NA,NA,NA,NA,NA,NA,NA,NA,NA,NA,NA,NA,NA,NA,NA,NA,NA,NA,NA,NA,NA,NA,NA,NA,NA,NA,NA,NA,NA,NA,NA,NA,NA,NA,NA,NA,NA,NA,NA,NA,NA,NA,NA,NA,NA,NA,0,0,NA,0,NA,NA,NA,NA,NA,NA,NA,NA,NA,NA,NA,NA,NA,NA,NA,NA,NA,NA,NA,NA,NA,NA,NA,NA,NA,NA,NA,NA,NA,NA,NA,NA,NA,NA,NA,NA,NA,NA,NA,NA,NA,NA,0.024013415,GREEN,0.001,NA,NA,NA,M,0.125101973,0,354654.6495,0.004223481,79,9,SNETWORK (9 2432 354654.649495097 0.125101972868204 79 79),0.381163637,M,0,NA,NA,0,0,0.999,c(-1171220.39498031, 2221157.1431784),Smaller (<62 km),Cold
91,3023,91,Jack Morrow Creek,140401,Wyoming,242597,0,2151.83,0.71,0.00420792,244.65,290.97,1340934,0,57,16.19,17.23,18.01,366,22,0.125412114,0.724281,0,50.746,4,1,-1,0.001,0.75,0.001,NA,0,2,1,NA,1,NA,NA,NA,1,NA,NA,NA,NA,NA,NA,NA,NA,NA,NA,NA,NA,NA,NA,NA,1,NA,NA,NA,NA,NA,NA,NA,NA,NA,NA,NA,NA,NA,NA,NA,NA,NA,NA,NA,NA,NA,NA,NA,NA,NA,0,NA,1,NA,NA,NA,NA,NA,NA,NA,NA,NA,NA,NA,NA,NA,NA,NA,NA,NA,NA,NA,NA,NA,NA,NA,NA,NA,NA,NA,NA,NA,NA,NA,NA,NA,NA,NA,NA,NA,NA,NA,NA,NA,NA,0.012174164,GREEN,0.001,NA,NA,NA,M,0.419848579,0,407263.6296,0.034212261,91,9,SNETWORK (9 3023 407263.629600346 0.419848579063905 91 91),0.509381817,L,0,NA,NA,0,1,0.5,c(-1065069.15501088, 2195642.44414193),Smaller (<62 km),Cool
92,3048,92,Pacific Creek,140401,Wyoming,246586,0,2170.33,0,0.00523508,301.81,53.44,1365669,0,59,15.59,16.61,17.39,382,22,0.024389389,0.67245413,0,74.518,4,-2,-1,0.5,0.5,0.5,NA,0,0,NA,NA,NA,NA,NA,NA,NA,1,NA,NA,NA,NA,NA,NA,NA,NA,NA,NA,NA,NA,NA,NA,0,NA,NA,NA,NA,NA,NA,NA,NA,NA,NA,NA,NA,NA,NA,NA,NA,NA,NA,NA,NA,NA,NA,NA,NA,0,1,NA,NA,NA,NA,NA,NA,NA,NA,NA,NA,NA,NA,NA,NA,NA,NA,NA,NA,NA,NA,NA,NA,NA,NA,NA,NA,NA,NA,NA,NA,NA,NA,NA,NA,NA,NA,NA,NA,NA,NA,NA,NA,NA,NA,0.009504934,GREEN,0.5,NA,NA,NA,M,0.787047058,0,413465.1028,0.03282441,92,9,SNETWORK (9 3048 413465.102777376 0.787047057595784 92 92),0.612818178,L,0.5,NA,NA,0.5,0.5,0.5,c(-1057703.89874363, 2219963.54403877),Large (>62 km),Cool
93,3063,93,Little Sandy Creek,140401,Wyoming,247516,0,2108.38,0.5,0.00091743,257.83,304.14,1366560,0.289407,56,16.69,17.74,18.53,373,22,0.212938389,0.31784945,1,27.238,8,-2,-2,0.5,0.625,0.5,0.5,0,1,NA,NA,1,NA,NA,NA,1,NA,NA,NA,NA,NA,NA,NA,NA,NA,NA,NA,NA,NA,NA,NA,1,NA,NA,NA,NA,NA,NA,NA,NA,NA,NA,NA,NA,NA,NA,NA,NA,NA,NA,NA,NA,NA,NA,NA,NA,1,NA,NA,1,0,NA,NA,NA,1,0,0,NA,NA,NA,NA,NA,NA,NA,NA,NA,NA,NA,NA,NA,NA,NA,NA,NA,NA,NA,NA,NA,NA,NA,NA,NA,NA,NA,NA,NA,NA,NA,NA,NA,NA,NA,0.021216737,GREEN,0.5,0.5,NA,0.001,,0.039798235,0,395484.3339,0.049645492,93,9,SNETWORK (9 3063 395484.333860559 0.0397982354079165 93 93),0.673696971,L,0.5,0.5,NA,0.5,0.75,0.444444444,c(-1080626.68875205, 2225097.61674469),Smaller (<62 km),Cool
96,3116,96,Little Bitter Creek,140401,Wyoming,229971,0,1951.89,7.53,0.00620752,239.15,310.27,1269541,0,51,17.83,18.91,19.72,370,32,0.106177767,0.68854698,0,62.237,3,-3,-2,0.001,0.001,0.001,NA,0,0,0,NA,NA,NA,NA,NA,NA,NA,NA,NA,NA,NA,NA,NA,NA,NA,NA,NA,NA,NA,NA,NA,NA,NA,NA,NA,NA,NA,NA,NA,NA,NA,NA,NA,NA,NA,NA,NA,NA,NA,NA,NA,NA,NA,NA,NA,NA,0,0,NA,NA,NA,NA,NA,NA,NA,NA,NA,NA,NA,NA,NA,NA,NA,NA,NA,NA,NA,NA,NA,NA,NA,NA,NA,NA,NA,NA,NA,NA,NA,NA,NA,NA,NA,NA,NA,NA,NA,NA,NA,NA,NA,NA,0.041210706,GREEN,0.001,NA,NA,NA,,0.394296347,0,244495.0431,0.010295631,96,9,SNETWORK (9 3116 244495.043144035 0.394296347167969 96 96),0.642921218,XL,0,NA,NA,0,0,0.999,c(-1096283.81543296, 2129036.05555532),Large (>62 km),Cool
97,3175,97,Bitter Creek,140401,Wyoming,227414,0,2096.5,0,0.0023558,189.8,403.86,1268432,0,54,15.66,16.69,17.46,343,22,0.135132,0.71723991,1,96.03,3,-1,-1,0.666666667,0.666666667,0.999,0.001,0,0,NA,NA,NA,NA,NA,NA,NA,NA,NA,NA,NA,NA,NA,NA,NA,NA,NA,NA,NA,NA,NA,NA,NA,NA,NA,NA,NA,NA,NA,NA,NA,NA,NA,NA,NA,NA,NA,NA,NA,NA,NA,NA,NA,NA,NA,NA,NA,1,1,NA,NA,NA,NA,NA,NA,NA,0,NA,NA,NA,NA,NA,NA,NA,NA,NA,NA,NA,NA,NA,NA,NA,NA,NA,NA,NA,NA,NA,NA,NA,NA,NA,NA,NA,NA,NA,NA,NA,NA,NA,NA,NA,NA,0.049161894,GREEN,0.999,0.001,NA,NA,M,0.32332839,0,362422.5373,0.094083781,97,9,SNETWORK (9 3175 362422.53728867 0.323328390424685 97 97),0.489921216,L,1,0,NA,0.666666667,NA,0.333333333,c(-1027404.72375438, 2113689.65504938),Large (>62 km),Cool
98,3189,98,Gap Creek,140401,Wyoming,223975,0,2163.11,1.93,0.00728387,310.33,98.13,1240663.09,0.005503,56,16.47,17.51,18.3,392,32,0.047005829,0.60411637,0,27.356,2,-1,-1,0.5,0.5,0.5,NA,0,0,NA,NA,NA,NA,NA,NA,NA,NA,NA,NA,NA,NA,NA,NA,NA,NA,NA,NA,NA,NA,NA,NA,NA,NA,NA,NA,NA,NA,NA,NA,NA,NA,NA,NA,NA,NA,NA,NA,NA,NA,NA,NA,NA,NA,NA,NA,NA,1,0,NA,NA,NA,NA,NA,NA,NA,NA,NA,NA,NA,NA,NA,NA,NA,NA,NA,NA,NA,NA,NA,NA,NA,NA,NA,NA,NA,NA,NA,NA,NA,NA,NA,NA,NA,NA,NA,NA,NA,NA,NA,NA,NA,NA,0.033568758,GREEN,0.5,NA,NA,NA,M,0.823430482,0,349820.1734,0.047136097,98,9,SNETWORK (9 3189 349820.173375 0.823430481799559 98 98),0.495818183,XL,0.5,NA,NA,0.5,NA,0.5,c(-1082617.90330494, 2096238.73786117),Smaller (<62 km),Cool
99,3197,99,Sage Creek,140401,Wyoming,225377,0,2068.87,6.22,0.00768163,275.5,158.27,1245227,0,56,16.72,17.77,18.57,389,26,0.069702323,0.66405403,0,49.542,2,-1,-1,0.5,0.5,0.5,NA,0,0,NA,NA,NA,NA,NA,NA,NA,NA,NA,NA,NA,NA,NA,NA,NA,NA,NA,NA,NA,NA,NA,NA,NA,NA,NA,NA,NA,NA,NA,NA,NA,NA,NA,NA,NA,NA,NA,NA,NA,NA,NA,NA,NA,NA,NA,NA,NA,NA,1,0,NA,NA,NA,NA,NA,NA,NA,NA,NA,NA,NA,NA,NA,NA,NA,NA,NA,NA,NA,NA,NA,NA,NA,NA,NA,NA,NA,NA,NA,NA,NA,NA,NA,NA,NA,NA,NA,NA,NA,NA,NA,NA,NA,0.049970388,GREEN,0.999,NA,NA,NA,M,0.773717827,0,197366.3766,0.008616793,99,9,SNETWORK (9 3197 197366.376631377 0.773717826816246 99 99),0.644157579,L,0.5,NA,NA,0.5,NA,0.5,c(-1097004.8335, 2103860.76420001),Smaller (<62 km),Cool
125,3475,125,Willow Creek,140401,Wyoming,225485,0,2389.72,0,0.02335007,382.95,47.27,1224765,0,60,14.56,15.56,16.31,333,29,0.033533632,0.22527968,0,52.748,2,1,1,0.999,0.999,0.999,NA,0,1,NA,NA,NA,NA,NA,NA,NA,NA,NA,NA,NA,NA,NA,NA,NA,NA,NA,NA,NA,NA,NA,NA,NA,NA,NA,NA,NA,NA,NA,NA,NA,NA,NA,NA,NA,NA,NA,NA,NA,NA,NA,NA,NA,NA,NA,NA,NA,1,1,NA,NA,1,NA,NA,NA,NA,NA,NA,NA,NA,NA,NA,NA,NA,NA,NA,NA,NA,NA,NA,NA,NA,NA,NA,NA,NA,NA,NA,NA,NA,NA,NA,NA,NA,NA,NA,NA,NA,NA,NA,NA,NA,NA,0.017843887,GREEN,0.999,NA,NA,0.999,M,0.887646729,0,403117.749,0.053783578,125,9,SNETWORK (9 3475 403117.748971128 0.887646729489536 125 125),0.716672729,L,1,NA,NA,1,NA,0.333333333,c(-1200448.90122927, 2103319.86446321),Smaller (<62 km),Cold
132,3547,132,Ryckman Creek,140401,Wyoming,234794,0,2079.61,0.48,0.00664292,268.54,94.47,1267910,0,57,16.36,17.4,18.19,388,21,0.049713792,0.55815201,0,24.086,3,-1,-2,0.333333333,0.333333333,0.333333333,NA,0,1,NA,NA,NA,NA,NA,NA,NA,NA,NA,NA,NA,NA,NA,NA,NA,NA,NA,NA,NA,NA,NA,NA,NA,NA,NA,NA,NA,NA,NA,NA,NA,NA,NA,NA,NA,NA,NA,NA,NA,NA,NA,NA,NA,NA,NA,NA,NA,1,0,NA,1,0,NA,NA,NA,NA,NA,NA,NA,NA,NA,NA,NA,NA,NA,NA,NA,NA,NA,NA,NA,NA,NA,NA,NA,NA,NA,NA,NA,NA,NA,NA,NA,NA,NA,NA,NA,NA,NA,NA,NA,NA,NA,0.037730319,GREEN,0.333333333,NA,NA,0.001,,0.653780083,0,388930.843,0.026707393,132,9,SNETWORK (9 3547 388930.843012636 0.653780083454539 132 132),0.484660606,M,0.333333333,NA,NA,0.333333333,NA,0.75,c(-1213233.42344174, 2150536.01814828),Smaller (<62 km),Cool
133,3553,133,Clear Creek,140401,Wyoming,232950,0,2056.99,2.67,0.00753526,287.52,62.21,1261864,0.050636,55,16.65,17.7,18.49,355,30,0.035237987,0.5475546,0,13.668,2,2,0,0.999,0.999,0.999,NA,0,2,1,NA,NA,NA,NA,NA,NA,NA,NA,NA,NA,NA,NA,NA,NA,NA,NA,NA,NA,NA,NA,NA,NA,NA,NA,NA,NA,NA,NA,NA,NA,NA,NA,NA,NA,NA,NA,NA,NA,NA,NA,NA,NA,NA,NA,NA,NA,1,1,NA,1,NA,NA,NA,NA,NA,NA,NA,NA,NA,NA,NA,NA,NA,NA,NA,NA,NA,NA,NA,NA,NA,NA,NA,NA,NA,NA,NA,NA,NA,NA,NA,NA,NA,NA,NA,NA,NA,NA,NA,NA,NA,NA,0.044628252,GREEN,0.999,NA,NA,NA,M,0.014358253,4.65661287307739e-10,391443.3212,0.025723332,133,9,SNETWORK (9 3553 391443.321176361 0.0143582529629083 133 133),0.430939395,XL,1,NA,NA,1,NA,0.5,c(-1213099.13027835, 2144185.64144584),Smaller (<62 km),Cool
137,3607,137,Vermillion Creek,140401,Wyoming,220302,0,2123.09,1.44,0.00652271,309.91,160.01,1227718,0.00675,54,17.06,18.12,18.92,334,30,0.063043903,0.68517972,1,20.868,2,-1,-1,0.5,0.5,0.5,NA,0,0,NA,NA,NA,NA,NA,NA,NA,NA,NA,NA,NA,NA,NA,NA,NA,NA,NA,NA,NA,NA,NA,NA,NA,NA,NA,NA,NA,NA,NA,NA,NA,NA,NA,NA,NA,NA,NA,NA,NA,NA,NA,NA,NA,NA,NA,NA,NA,1,0,NA,NA,NA,NA,NA,NA,NA,NA,NA,NA,NA,NA,NA,NA,NA,NA,NA,NA,NA,NA,NA,NA,NA,NA,NA,NA,NA,NA,NA,NA,NA,NA,NA,NA,NA,NA,NA,NA,NA,NA,NA,NA,NA,NA,0.014566004,GREEN,0.5,NA,NA,NA,M,0.569524868,0,98987.49672,0.024919704,137,9,SNETWORK (9 3607 98987.4967173901 0.569524868210956 137 137),0.548963627,XL,0.5,NA,NA,0.5,NA,0.5,c(-1058357.20231851, 2077681.64875987),Smaller (<62 km),Cool
71,2328,71,Green River,1.404,Wyoming,257157,0,2194.73,18.34,0.00321054,309.62,1795.93,1422407,0.672623,62,16.19,17.23,18.01,119,53,11.02704315,0.21989524,0,158.82,3,1,0,0.001,0.001,0.001,0.001,1,4,NA,NA,NA,NA,NA,NA,NA,NA,NA,NA,NA,NA,NA,NA,NA,NA,1,NA,1,NA,1,NA,NA,NA,NA,NA,NA,NA,NA,NA,NA,NA,NA,NA,NA,NA,NA,NA,NA,NA,NA,NA,NA,NA,NA,NA,NA,0,NA,NA,0,NA,NA,NA,NA,1,0,NA,NA,NA,NA,NA,NA,NA,NA,NA,NA,NA,NA,NA,NA,NA,NA,NA,NA,NA,NA,NA,NA,NA,NA,NA,NA,NA,NA,NA,NA,NA,NA,NA,NA,NA,NA,0.035807077,GREEN,0.001,0.666666667,NA,NA,M,0.73163688,0,471164.167,0.036326264,71,9,SNETWORK (9 2328 471164.166966104 0.731636879555466 71 71),0.471630302,XL,0,0,NA,0,0,0.999,c(-1139376.84110772, 2294325.91161169),Large (>62 km),Cool
72,2370,72,North Cottonwood Creek,1.404,Wyoming,256526,0,2415.15,12.44,0.00586833,581.54,82.13,1411576,0,70,12.49,13.43,14.15,211,18,0.711454096,0.12605889,1,21.67,4,0,0,0.666666667,0.75,0.666666667,NA,0,1,NA,NA,NA,NA,NA,NA,NA,1,NA,NA,NA,NA,NA,NA,NA,NA,NA,NA,NA,NA,1,NA,NA,NA,NA,NA,NA,NA,NA,NA,NA,NA,NA,NA,NA,NA,NA,NA,NA,NA,NA,NA,NA,NA,NA,NA,NA,NA,1,1,NA,0,NA,NA,NA,NA,NA,NA,NA,NA,NA,NA,NA,NA,NA,NA,NA,NA,NA,NA,NA,NA,NA,NA,NA,NA,NA,NA,NA,NA,NA,NA,NA,NA,NA,NA,NA,NA,NA,NA,NA,NA,NA,0.009277294,GREEN,0.5,0.999,NA,0.001,M,0.969926846,0,522108.0902,0.023244741,72,9,SNETWORK (9 2370 522108.090239975 0.969926846107696 72 72),0.824769696,M,0.666666667,NA,NA,0.666666667,1,0.4,c(-1173919.9634759, 2290046.91536338),Smaller (<62 km),Cold
73,2372,73,South Cottonwood Creek,1.404,Wyoming,256022,0,2274.55,27,0.00634586,379.58,209.75,1410945,0.058786,65,12.64,13.59,14.3,8,10,1.080662934,0.18039639,0,23.846,5,2,1,0.999,0.999,0.999,NA,0,2,1,NA,NA,NA,NA,NA,1,NA,NA,NA,NA,NA,NA,NA,NA,NA,NA,NA,NA,NA,NA,NA,NA,NA,NA,NA,NA,NA,NA,NA,NA,NA,NA,NA,NA,NA,NA,NA,NA,NA,NA,NA,NA,NA,NA,NA,NA,1,1,1,1,1,NA,NA,NA,NA,NA,NA,NA,NA,NA,NA,NA,NA,NA,NA,NA,NA,NA,NA,NA,NA,NA,NA,NA,NA,NA,NA,NA,NA,NA,NA,NA,NA,NA,NA,NA,NA,NA,NA,NA,NA,NA,0.034653932,GREEN,0.999,NA,NA,0.999,M,0.659596838,0,482859.0346,0.013084993,73,9,SNETWORK (9 2372 482859.034578136 0.65959683779481 73 73),0.825624244,S,1,NA,NA,1,1,0.285714286,c(-1156991.99707627, 2285957.2202403),Smaller (<62 km),Cold
77,2424,77,South Beaver Creek,1.404,Wyoming,257997,0,2389.46,21,0.01123003,431.5,46.61,1437002,0,64,12.93,13.89,14.61,6,10,0.15832731,0.18203891,1,15.745,4,1,0,0.999,0.999,0.999,NA,0,1,NA,NA,NA,NA,NA,NA,1,NA,NA,NA,NA,NA,NA,NA,NA,NA,NA,NA,NA,NA,NA,NA,NA,NA,NA,NA,NA,NA,NA,NA,NA,NA,NA,NA,NA,NA,NA,NA,NA,NA,NA,NA,NA,NA,NA,NA,NA,1,1,NA,1,1,NA,NA,NA,NA,NA,NA,NA,NA,NA,NA,NA,NA,NA,NA,NA,NA,NA,NA,NA,NA,NA,NA,NA,NA,NA,NA,NA,NA,NA,NA,NA,NA,NA,NA,NA,NA,NA,NA,NA,NA,NA,0.022787879,GREEN,0.999,NA,NA,0.999,M,0.062433893,1.39698386192322e-09,519660.0064,0.005077878,77,9,SNETWORK (9 2424 519660.006423287 0.0624338933442784 77 77),0.72211515,S,1,NA,NA,1,1,0.2,c(-1159002.22360228, 2313246.45663557),Smaller (<62 km),Cold
78,2426,78,South Beaver Creek,1.404,Wyoming,258085,0,2514.54,20.29,0.01758935,545.17,17.55,1433844,0,66,11.89,12.82,13.52,7,15,0.054763521,0.21925992,1,15.745,3,0,0,0.666666667,0.666666667,0.666666667,NA,0,1,NA,NA,NA,NA,NA,NA,NA,NA,NA,NA,NA,NA,NA,NA,NA,NA,NA,NA,NA,NA,NA,NA,NA,NA,NA,NA,NA,NA,NA,NA,NA,NA,NA,NA,NA,NA,NA,NA,NA,NA,NA,NA,NA,NA,NA,NA,NA,0,1,1,NA,1,NA,NA,NA,NA,NA,NA,NA,NA,NA,NA,NA,NA,NA,NA,NA,NA,NA,NA,NA,NA,NA,NA,NA,NA,NA,NA,NA,NA,NA,NA,NA,NA,NA,NA,NA,NA,NA,NA,NA,NA,NA,0.024159561,GREEN,0.666666667,NA,NA,0.999,M,0.795565504,0,529004.1496,0.005077878,78,9,SNETWORK (9 2426 529004.149596862 0.795565504167783 78 78),0.70108485,S,0.666666667,NA,NA,0.666666667,NA,0.5,c(-1165272.96187753, 2311288.25441367),Smaller (<62 km),Cold
80,2440,80,South Piney Creek,1.404,Wyoming,252514,0,2357.02,20.11,0.00977352,611.52,128.5,1379100.62,0,75,12.3,13.24,13.95,325,28,0.985652476,0.16303118,1,54.015,4,-1,-1,0.001,0.25,0.001,NA,0,2,NA,NA,NA,NA,NA,NA,NA,1,NA,NA,NA,NA,NA,NA,NA,NA,NA,NA,1,NA,0,NA,NA,NA,NA,NA,NA,NA,NA,NA,NA,NA,NA,NA,NA,NA,NA,NA,NA,NA,NA,NA,NA,NA,NA,0,NA,NA,0,NA,NA,1,NA,NA,NA,NA,NA,NA,NA,NA,NA,NA,NA,NA,NA,NA,NA,NA,NA,NA,NA,NA,NA,NA,NA,NA,NA,NA,NA,NA,NA,NA,NA,NA,NA,NA,NA,NA,NA,NA,NA,NA,NA,0.045781102,GREEN,0.5,0.001,NA,0.999,M,0.836191282,3.26793381190351e-09,439585.5748,0.015002036,80,9,SNETWORK (9 2440 439585.574779244 0.836191282431901 80 80),0.818284846,L,0,NA,NA,0,0.5,0.833333333,c(-1177132.49999293, 2257498.0614325),Smaller (<62 km),Cold
81,2445,81,South Piney Creek,1.404,Wyoming,252595,0,2423.51,3.42,0.01540161,674.99,36.93,1378004,0,75,12.11,13.05,13.75,284,15,0.425913944,0.16928552,1,54.015,4,-1,-1,0.5,0.5,0.5,NA,1,1,NA,NA,NA,NA,NA,NA,NA,1,NA,NA,NA,NA,NA,NA,NA,NA,1,NA,0,NA,0,NA,NA,NA,NA,NA,NA,NA,NA,NA,NA,NA,NA,NA,NA,NA,NA,NA,NA,NA,NA,NA,NA,NA,NA,NA,NA,NA,NA,NA,NA,1,NA,NA,NA,NA,NA,NA,NA,NA,NA,NA,NA,NA,NA,NA,NA,NA,NA,NA,NA,NA,NA,NA,NA,NA,NA,NA,NA,NA,NA,NA,NA,NA,NA,NA,NA,NA,NA,NA,NA,NA,NA,0.018325915,GREEN,0.999,0.001,NA,0.999,M,0.024900028,0,445654.0218,0.015002036,81,9,SNETWORK (9 2445 445654.021798936 0.0249000282812247 81 81),0.76586667,S,0.5,NA,NA,0.5,0.5,0.6,c(-1181548.16347971, 2257223.353785),Smaller (<62 km),Cold
82,2449,82,Chall Creek,1.404,Wyoming,258232,0,2425.72,0.84,0.00955401,449.93,20.52,1436220,0,65,13.74,14.71,15.45,73,15,0.047386578,0.44820158,0,12.056,4,0,-1,0.5,0.5,0.5,NA,0,2,NA,NA,NA,NA,NA,NA,NA,NA,NA,NA,NA,NA,NA,NA,NA,NA,NA,NA,NA,NA,NA,NA,NA,NA,NA,NA,NA,NA,NA,NA,NA,NA,NA,NA,NA,NA,NA,NA,NA,NA,NA,NA,NA,NA,NA,NA,NA,0,0,1,1,1,NA,NA,NA,NA,NA,NA,NA,NA,NA,NA,NA,NA,NA,NA,NA,NA,NA,NA,NA,NA,NA,NA,NA,NA,NA,1,NA,NA,NA,NA,NA,NA,NA,NA,NA,NA,NA,NA,NA,NA,NA,0.034051242,GREEN,0.333333333,NA,NA,0.999,M,0.664143948,0,524112.3511,0.003640726,82,9,SNETWORK (9 2449 524112.35112837 0.664143947948956 82 82),0.66247273,S,0.5,NA,NA,0.5,NA,0.666666667,c(-1162808.52107964, 2313228.92926608),Smaller (<62 km),Cold
83,2452,83,Tosi Creek,1.404,Wyoming,259231,0,2380.98,4.41,0.00757004,560.11,145.55,1469675,0.025971,63,12.68,13.63,14.35,11,12,1.362690271,0.23179131,0,26.911,4,-1,0,0.999,0.75,0.999,NA,0,0,NA,NA,NA,NA,NA,NA,NA,1,NA,NA,NA,NA,NA,NA,NA,NA,NA,NA,0,NA,NA,NA,NA,NA,NA,NA,NA,NA,NA,NA,NA,NA,NA,NA,NA,NA,NA,NA,NA,NA,NA,NA,NA,NA,NA,NA,NA,1,NA,NA,NA,1,NA,NA,NA,NA,NA,NA,NA,NA,NA,NA,NA,NA,NA,NA,NA,NA,NA,NA,NA,NA,NA,NA,NA,NA,NA,NA,NA,NA,NA,NA,NA,NA,NA,NA,NA,NA,NA,NA,NA,NA,NA,0.042501518,GREEN,0.999,NA,NA,0.999,,0.287721663,0,557221.0193,0.027206177,83,9,SNETWORK (9 2452 557221.01932437 0.287721662959114 83 83),0.809206059,S,1,NA,NA,1,0.5,0.25,c(-1128022.85106716, 2340616.87149022),Smaller (<62 km),Cold
84,2716,84,New Fork River,1.404,Wyoming,256661,0,2186.14,21.03,0.00014705,281.13,522.91,1420918,2.887922,63,16.06,17.09,17.87,210,75,1.757895927,0.2639917,0,86.265,4,4,2,0.5,0.25,0.5,NA,1,7,NA,NA,NA,NA,NA,NA,1,1,NA,NA,NA,NA,NA,NA,NA,NA,1,NA,0,NA,1,NA,NA,NA,NA,NA,NA,NA,NA,NA,NA,NA,NA,NA,NA,NA,NA,NA,NA,NA,NA,NA,NA,NA,NA,0,NA,1,0,NA,1,1,NA,NA,NA,NA,NA,NA,NA,NA,NA,NA,NA,NA,NA,NA,NA,NA,NA,NA,NA,NA,NA,1,NA,NA,NA,NA,NA,NA,NA,NA,NA,NA,NA,NA,NA,NA,NA,NA,NA,NA,NA,0.044196147,GREEN,0.666666667,0.999,NA,0.999,M,0.854358745,2.3283064365387e-10,487383.9892,0.018345795,84,9,SNETWORK (9 2716 487383.989244853 0.854358745057281 84 84),0.791612121,XL,0.5,NA,NA,0.5,0,0.909090909,c(-1124735.36268292, 2289857.71690177),Large (>62 km),Cool
85,2721,85,Spring Creek,1.404,Wyoming,255072,0,2189.26,0.95,0.00967161,294.37,43.56,1412626,0.489639,58,15.25,16.27,17.03,1,13,0.034610302,0.27321338,0,6.777,5,0,0,0.999,0.999,0.999,NA,0,0,NA,NA,NA,NA,NA,NA,1,1,NA,NA,NA,NA,NA,NA,NA,NA,NA,NA,NA,NA,NA,NA,NA,NA,NA,NA,NA,NA,NA,NA,NA,NA,NA,NA,NA,NA,NA,NA,NA,NA,NA,NA,NA,NA,NA,NA,NA,1,1,NA,NA,1,NA,NA,NA,NA,NA,NA,NA,NA,NA,NA,NA,NA,NA,NA,NA,NA,NA,NA,NA,NA,NA,NA,NA,NA,NA,NA,NA,NA,NA,NA,NA,NA,NA,NA,NA,NA,NA,NA,NA,NA,NA,0.006175336,GREEN,0.999,NA,NA,0.999,M,0.815740301,0,474267.9818,0.031242672,85,9,SNETWORK (9 2721 474267.981838734 0.815740300749931 85 85),0.740199996,S,1,NA,NA,1,1,0.001,c(-1101161.78289994, 2276617.56740749),Smaller (<62 km),Cool
86,2740,86,Willow Creek,1.404,Wyoming,257346,0,2221.45,28.78,0.0033062,318.84,283.51,1429156,3.354782,61,15.78,16.81,17.58,24,41,0.553412623,0.29138914,0,38.073,3,2,0,0.5,0.333333333,0.5,NA,1,4,NA,NA,0,NA,NA,NA,1,NA,NA,NA,NA,NA,NA,NA,NA,NA,1,NA,NA,NA,NA,NA,NA,NA,NA,NA,NA,NA,NA,NA,NA,NA,NA,NA,NA,NA,NA,NA,NA,NA,NA,NA,NA,NA,NA,NA,NA,1,0,NA,1,1,NA,NA,NA,NA,NA,NA,NA,NA,NA,NA,NA,NA,NA,NA,NA,NA,NA,NA,NA,NA,NA,NA,NA,NA,NA,NA,NA,NA,NA,NA,NA,NA,NA,NA,NA,NA,NA,NA,NA,NA,NA,0.040128234,GREEN,0.666666667,NA,NA,0.999,M,0.764223157,0,499121.0602,0.018345795,86,9,SNETWORK (9 2740 499121.060235501 0.764223156600105 86 86),0.795218188,XL,0.5,NA,NA,0.5,0,0.857142857,c(-1126126.77888358, 2298774.39302813),Smaller (<62 km),Cool
87,2764,87,Pine Creek,1.404,Wyoming,256795,0,2182.46,27.1,0.00619114,286.71,272.35,1420809,10.34053,62,19.98,21.11,21.97,254,18,2.959131527,0.23036795,1,3.548,6,-1,1,0.001,0.5,0.001,NA,1,2,NA,NA,NA,NA,NA,NA,1,0,NA,NA,NA,NA,NA,NA,NA,NA,1,NA,1,NA,1,NA,NA,NA,NA,NA,NA,NA,NA,NA,NA,NA,NA,NA,NA,NA,NA,NA,NA,NA,NA,NA,NA,NA,NA,NA,NA,0,NA,1,0,NA,NA,NA,NA,NA,NA,NA,NA,NA,NA,NA,NA,NA,NA,NA,NA,NA,NA,NA,NA,NA,NA,NA,NA,NA,NA,NA,NA,NA,NA,NA,NA,NA,NA,NA,NA,NA,NA,NA,NA,NA,NA,0.038237835,GREEN,0.001,0.999,NA,NA,M,0.087880411,0,484859.6281,0.013249416,87,9,SNETWORK (9 2764 484859.628104289 0.0878804111072795 87 87),0.808890912,M,0,NA,NA,0,0.6,0.625,c(-1122483.68447292, 2289364.76352608),Smaller (<62 km),Cool
88,2767,88,Duck Creek,1.404,Wyoming,256716,0,2200.03,20.13,0.00101371,297.5,268.27,1422048,2.120886,62,15.47,16.49,17.26,105,25,0.020556149,0.66475594,0,18.507,5,-1,-1,0.666666667,0.6,0.666666667,NA,1,1,NA,NA,NA,NA,NA,NA,1,NA,NA,NA,NA,NA,NA,NA,NA,NA,1,NA,NA,NA,NA,NA,NA,NA,NA,NA,NA,NA,NA,NA,NA,NA,NA,NA,NA,NA,NA,NA,NA,NA,NA,NA,NA,NA,NA,NA,NA,0,1,NA,0,1,NA,NA,NA,NA,NA,NA,NA,NA,NA,NA,NA,NA,NA,NA,NA,NA,NA,NA,NA,NA,NA,NA,NA,NA,NA,NA,NA,NA,NA,NA,NA,NA,NA,NA,NA,NA,NA,NA,NA,NA,NA,0.019531754,GREEN,0.666666667,NA,NA,0.999,M,0.372115483,0,493781.0723,0.009962545,88,9,SNETWORK (9 2767 493781.072287525 0.372115483117022 88 88),0.628236366,L,0.666666667,NA,NA,0.666666667,0.5,0.5,c(-1128618.63530516, 2291856.9003908),Smaller (<62 km),Cool
89,2830,89,North Fork Slate Creek,1.404,Wyoming,242368,0,2091.57,8.81,0.00454216,274.83,74.45,1316864,0,67,15.52,16.54,17.31,239,11,0.045516141,0.72213413,0,24.476,4,-1,0,0.999,0.75,0.999,0.999,0,0,NA,NA,NA,NA,NA,NA,0,NA,NA,NA,NA,NA,NA,NA,NA,NA,NA,NA,NA,NA,NA,NA,NA,NA,NA,NA,NA,NA,NA,NA,NA,NA,NA,NA,NA,NA,NA,NA,NA,NA,NA,NA,NA,NA,NA,NA,NA,1,NA,NA,NA,1,NA,NA,NA,NA,NA,NA,NA,NA,NA,NA,NA,NA,NA,NA,NA,NA,NA,NA,NA,NA,NA,NA,NA,NA,NA,1,NA,NA,NA,NA,NA,NA,NA,NA,NA,NA,NA,NA,NA,NA,NA,0.023746571,GREEN,0.999,NA,NA,0.999,,0.087215937,0,347098.6084,0.016901216,89,9,SNETWORK (9 2830 347098.608412372 0.0872159371609708 89 89),0.5614303,S,1,1,NA,1,0,0.25,c(-1180128.49271267, 2194130.28862374),Smaller (<62 km),Cool
90,2988,90,Big Sandy River,1.404,Wyoming,241698,0,1963.65,1.25,0.00170981,207,3617.46,1326651,0.395457,58,17.81,18.89,19.71,70,18,2.040547906,0.44379757,0,95.4,12,-4,-3,0.333333333,0.333333333,0.25,0.5,1,4,0,1,NA,NA,NA,NA,0,NA,NA,NA,NA,NA,NA,NA,1,NA,1,NA,1,NA,1,NA,0,NA,NA,NA,NA,NA,NA,NA,NA,NA,NA,NA,NA,NA,NA,NA,NA,NA,NA,NA,NA,NA,NA,NA,NA,0,1,0,0,0,NA,NA,NA,NA,1,NA,NA,NA,NA,NA,NA,NA,NA,NA,NA,NA,NA,NA,NA,NA,NA,0,1,NA,NA,NA,NA,NA,NA,NA,NA,NA,NA,NA,NA,NA,NA,NA,NA,NA,NA,0.051524248,GREEN,0.333333333,0.666666667,NA,0.001,M,0.291055146,0,310751.8793,0.116682162,90,9,SNETWORK (9 2988 310751.879307882 0.291055146049023 90 90),0.627151516,M,0.25,0.5,NA,0.333333333,0.333333333,0.75,c(-1115202.507059, 2191235.83123359),Large (>62 km),Cool
94,3102,94,Bitter Creek,1.404,Wyoming,231936,0,1878.93,5.95,0.0017531,215.98,5710.69,1274682,0.031047,54,18.21,19.29,20.12,54,17,2.150230142,0.71979725,0,65.854,5,0,0,0.999,0.8,0.999,0.999,0,1,0,NA,NA,NA,NA,NA,1,NA,NA,NA,NA,NA,NA,NA,NA,NA,NA,NA,NA,NA,NA,NA,NA,NA,NA,NA,NA,NA,NA,NA,NA,NA,NA,NA,NA,NA,NA,NA,NA,NA,NA,NA,NA,NA,NA,NA,NA,1,NA,NA,NA,NA,NA,NA,NA,NA,1,1,NA,NA,NA,NA,NA,NA,NA,NA,NA,NA,NA,NA,NA,NA,NA,1,NA,NA,NA,NA,NA,NA,NA,NA,NA,NA,NA,NA,NA,NA,NA,NA,NA,NA,NA,0.008229727,GREEN,0.999,0.999,NA,NA,M,0.046407142,0,215526.1926,0.151515509,94,9,SNETWORK (9 3102 215526.192582638 0.0464071423264936 94 94),0.712303035,M,1,1,NA,1,0.5,0.333333333,c(-1104140.71298974, 2135471.63219672),Large (>62 km),Cool
95,3110,95,Bitter Creek,1.404,Wyoming,232279,0,1886.4,0,0.00123414,230.89,5680.05,1277266,0.031214,52,18.37,19.47,20.29,53,45,2.139263161,0.71966402,0,65.854,4,-1,-2,0.001,0.001,0.001,0.001,0,3,0,NA,NA,NA,NA,NA,1,NA,NA,NA,NA,NA,NA,NA,NA,NA,NA,NA,NA,NA,NA,NA,NA,NA,NA,NA,NA,NA,NA,NA,NA,NA,NA,NA,NA,NA,NA,NA,NA,NA,NA,NA,NA,NA,NA,NA,NA,0,0,NA,NA,NA,NA,NA,NA,NA,0,1,NA,NA,NA,NA,NA,NA,NA,NA,NA,NA,NA,NA,NA,NA,NA,1,NA,NA,NA,NA,NA,NA,NA,NA,NA,NA,NA,NA,NA,NA,NA,NA,NA,NA,NA,0.041814723,GREEN,0.001,0.5,NA,NA,M,0.397802914,0,224231.6896,0.151515509,95,9,SNETWORK (9 3110 224231.689644941 0.397802913994063 95 95),0.698103032,XL,0,0,NA,0,0,0.999,c(-1099594.66184072, 2137298.08305306),Large (>62 km),Cool
100,3232,100,Henrys Fork,1.404,Wyoming,222890,0,2079.78,9.05,0.00712065,280.36,952.14,1219612,0.346241,62,15.88,16.91,17.69,154,49,4.290369492,0.26295184,1,33.992,5,2,1,0.999,0.8,0.999,0.999,0,3,NA,NA,NA,NA,NA,NA,1,NA,NA,NA,NA,NA,NA,NA,NA,NA,NA,NA,NA,NA,NA,NA,NA,NA,NA,NA,NA,NA,NA,NA,NA,NA,NA,NA,NA,NA,NA,NA,NA,NA,NA,NA,NA,NA,NA,NA,NA,1,NA,1,0,1,NA,NA,NA,1,1,1,NA,NA,NA,NA,NA,NA,NA,NA,NA,NA,NA,NA,NA,NA,NA,NA,NA,NA,NA,NA,NA,NA,NA,NA,NA,NA,NA,NA,NA,NA,NA,NA,NA,NA,NA,0.029883696,GREEN,0.999,0.999,NA,0.999,M,0.657006225,0,166414.5687,0.039052579,100,9,SNETWORK (9 3232 166414.56867276 0.6570062245489 100 100),0.784387881,XL,1,1,NA,1,0,0.5,c(-1158746.41193192, 2089915.17978323),Smaller (<62 km),Cool
101,3339,101,Blacks Fork,1.404,Wyoming,230635,0,1851.13,1.83,0.00158286,204.42,8315.27,1264223,0.306618,61,19.27,20.38,21.23,58,15,9.42582822,0.32309912,0,36.541,10,-2,-2,0.4,0.5,0.5,0.333333333,0,3,0,0,NA,NA,NA,NA,1,NA,NA,NA,NA,NA,NA,NA,1,NA,NA,NA,NA,NA,1,NA,NA,NA,NA,NA,NA,NA,NA,NA,NA,NA,NA,NA,NA,NA,NA,NA,NA,NA,NA,NA,NA,NA,NA,NA,NA,1,0,NA,1,NA,NA,NA,NA,0,1,1,NA,NA,NA,NA,NA,NA,NA,NA,NA,NA,NA,NA,NA,NA,NA,0,1,NA,NA,NA,NA,NA,NA,NA,NA,NA,NA,NA,NA,NA,NA,NA,NA,NA,NA,0.018429792,GREEN,0.5,0.5,NA,NA,M,0.682183121,0,198667.3511,0.248976648,101,9,SNETWORK (9 3339 198667.351127705 0.682183121048006 101 101),0.713000001,S,0.5,0.333333333,NA,0.4,0.6,0.615384615,c(-1125513.60369331, 2129147.81881789),Smaller (<62 km),Cool
102,3356,102,Blacks Fork,1.404,Wyoming,231790,0,1859.13,0,1e-05,205.12,8074.83,1268940,0.29836,59,19.49,20.61,21.46,57,15,9.337857881,0.32009748,1,143.39,11,-2,-2,0.6,0.727272727,0.999,0.333333333,0,1,0,1,NA,NA,NA,NA,1,NA,NA,NA,NA,NA,NA,NA,1,NA,NA,NA,NA,NA,NA,NA,NA,NA,NA,NA,NA,NA,NA,NA,NA,NA,NA,NA,NA,NA,NA,NA,NA,NA,NA,NA,NA,NA,NA,NA,NA,1,1,NA,1,NA,NA,NA,NA,0,1,1,NA,NA,NA,NA,NA,NA,NA,NA,NA,NA,NA,NA,NA,NA,NA,NA,1,NA,NA,NA,NA,0,NA,NA,NA,NA,NA,NA,NA,NA,NA,NA,NA,NA,NA,0.02110945,GREEN,0.999,0.333333333,NA,NA,M,0.796325935,0,214353.2461,0.248976648,102,9,SNETWORK (9 3356 214353.246091549 0.796325934717855 102 102),0.717151517,S,1,0.333333333,NA,0.6,0.833333333,0.333333333,c(-1128801.16418913, 2134664.90517377),Large (>62 km),Cool
103,3362,103,Blacks Fork,1.404,Wyoming,232878,0,1868.36,1.24,0.00093784,206.16,7752.06,1273748,0.304746,57,19.73,20.85,21.71,59,71,9.222838336,0.3161263,1,143.39,3,3,0,0.333333333,0.333333333,0.5,0.001,0,5,NA,NA,NA,NA,NA,NA,1,NA,NA,NA,NA,NA,NA,NA,NA,NA,NA,NA,NA,NA,NA,NA,NA,NA,NA,NA,NA,NA,NA,NA,NA,NA,NA,NA,NA,NA,NA,NA,NA,NA,NA,NA,NA,NA,NA,NA,NA,1,1,NA,NA,0,NA,NA,NA,0,1,1,NA,NA,NA,NA,NA,NA,NA,NA,NA,NA,NA,NA,NA,NA,NA,NA,1,NA,NA,NA,NA,NA,NA,NA,NA,NA,NA,NA,NA,NA,NA,NA,NA,NA,NA,0.006667719,GREEN,0.666666667,0.5,NA,0.001,M,0.22672164,0,224546.8261,0.248976648,103,9,SNETWORK (9 3362 224546.826146454 0.226721639638009 103 103),0.726199994,XL,0.5,0,NA,0.333333333,NA,0.875,c(-1129932.28354288, 2139883.03260346),Large (>62 km),Cool
104,3375,104,Blacks Fork,1.404,Wyoming,235092,0,1881.92,0,0.00121999,208.18,7616.93,1283328,0.27441,58,19.24,20.35,21.19,84,15,9.172321178,0.31427698,1,143.39,11,-3,0,0.999,0.636363636,0.999,0.999,0,1,0,0,NA,NA,NA,NA,1,NA,NA,NA,NA,NA,NA,NA,0,NA,NA,NA,NA,NA,NA,NA,NA,NA,NA,NA,NA,NA,NA,NA,NA,NA,NA,NA,NA,NA,NA,NA,NA,NA,NA,NA,NA,NA,NA,NA,NA,1,1,NA,1,NA,NA,NA,NA,NA,1,1,NA,NA,NA,NA,NA,NA,NA,NA,NA,NA,NA,NA,NA,NA,NA,NA,1,NA,NA,NA,NA,1,NA,NA,NA,NA,NA,NA,NA,NA,NA,NA,0,NA,NA,0.019786161,GREEN,0.999,0.999,NA,NA,M,0.261547237,0,243675.5342,0.248976648,104,9,SNETWORK (9 3375 243675.534159398 0.26154723711167 104 104),0.710163638,S,1,1,NA,1,0.428571429,0.416666667,c(-1133482.2376857, 2150562.80739578),Large (>62 km),Cool
105,3379,105,Blacks Fork,1.404,Wyoming,234977,0,1894.12,0,0.00079879,210.06,7171.47,1283165,0.220323,58,18.9,20.01,20.84,86,15,9.026987414,0.31004915,1,143.39,10,-6,-1,0.333333333,0.2,0.001,0.999,0,2,0,0,NA,NA,NA,NA,0,NA,NA,NA,NA,NA,NA,NA,0,NA,NA,NA,NA,NA,NA,NA,NA,NA,NA,NA,NA,NA,NA,NA,NA,NA,NA,NA,NA,NA,NA,NA,NA,NA,NA,NA,NA,NA,NA,NA,NA,0,0,NA,0,NA,NA,NA,NA,NA,1,1,NA,NA,NA,NA,NA,NA,NA,NA,NA,NA,NA,NA,NA,NA,NA,NA,1,NA,NA,NA,NA,1,NA,NA,NA,NA,NA,NA,NA,NA,NA,NA,0,NA,NA,0.003206217,GREEN,0.001,0.999,NA,NA,M,0.286239146,0,263460.4232,0.248976648,105,9,SNETWORK (9 3379 263460.423206674 0.286239146454315 105 105),0.705090907,S,0,1,NA,0.333333333,0.142857143,0.833333333,c(-1144094.9411938, 2152430.60564186),Large (>62 km),Cool
106,3382,106,Blacks Fork,1.404,Wyoming,234589,0,1903.02,0.5,0.00133922,212.57,7072.93,1280461,0.219422,62,18.5,19.6,20.42,81,85,8.998304734,0.30922264,1,143.39,4,4,0,0.75,0.75,0.999,0.666666667,0,5,NA,NA,NA,NA,NA,NA,1,NA,NA,NA,NA,NA,NA,NA,NA,NA,NA,NA,NA,NA,NA,NA,NA,NA,NA,NA,NA,NA,NA,NA,NA,NA,NA,NA,NA,NA,NA,NA,NA,NA,NA,NA,NA,NA,NA,NA,NA,1,1,NA,1,NA,NA,NA,NA,0,1,1,NA,NA,NA,NA,NA,NA,NA,NA,NA,NA,NA,NA,NA,NA,NA,NA,1,NA,NA,NA,NA,1,NA,NA,NA,NA,NA,NA,NA,NA,NA,NA,NA,NA,NA,0.009622906,GREEN,0.999,0.666666667,NA,NA,M,0.383598626,0,274370.7871,0.248976648,106,9,SNETWORK (9 3382 274370.787073571 0.383598626123695 106 106),0.716787882,XL,1,0.666666667,NA,0.75,NA,0.666666667,c(-1150310.41356012, 2150642.35304936),Large (>62 km),Cool
107,3384,107,Hams Fork,1.404,Wyoming,235357,0,1908.97,0,0.0009331,213.67,1610.23,1278903,0.379624,62,19.4,20.52,21.37,143,33,1.586693744,0.25697128,0,12.821,3,7,1,0.666666667,0.666666667,NA,0.666666667,1,8,NA,1,NA,NA,NA,NA,1,NA,NA,NA,NA,NA,1,NA,NA,NA,NA,NA,NA,NA,NA,NA,NA,NA,NA,NA,NA,NA,NA,NA,NA,NA,NA,NA,NA,NA,NA,NA,NA,NA,NA,NA,NA,NA,NA,NA,NA,1,1,NA,1,NA,NA,NA,NA,0,1,1,NA,NA,NA,NA,NA,NA,NA,NA,NA,NA,NA,NA,NA,NA,NA,NA,1,NA,NA,NA,NA,1,NA,NA,NA,NA,NA,NA,NA,NA,NA,NA,NA,NA,NA,0.045401408,GREEN,0.999,0.666666667,NA,NA,M,0.01235791,0,279261.0966,0.056847355,107,9,SNETWORK (9 3384 279261.096606513 0.0123579104835991 107 107),0.739624249,XL,NA,0.666666667,NA,0.666666667,NA,0.818181818,c(-1152457.52021818, 2149580.55023832),Smaller (<62 km),Cool
108,3384,108,Hams Fork,1.404,Wyoming,235356,0,1908.74,15.92,0.0009331,213.67,1610.23,1279208,0.379624,62,19.01,20.12,20.96,144,33,1.586693744,0.25697128,0,12.821,9,-1,-2,0.5,0.555555556,0.5,0.5,0,3,NA,1,NA,NA,NA,NA,1,NA,NA,NA,NA,NA,NA,NA,0,NA,NA,NA,NA,NA,NA,NA,NA,NA,NA,NA,NA,NA,NA,NA,NA,NA,NA,NA,NA,NA,NA,NA,NA,NA,NA,NA,NA,NA,NA,NA,NA,1,1,NA,1,0,NA,NA,NA,0,1,NA,NA,NA,NA,NA,NA,NA,NA,NA,NA,NA,NA,NA,NA,NA,NA,0,1,NA,NA,NA,NA,1,NA,NA,NA,NA,NA,NA,NA,NA,NA,NA,NA,NA,NA,0.012304851,GREEN,0.666666667,0.5,NA,0.001,M,0.188671659,0,280075.5513,0.056847355,108,9,SNETWORK (9 3384 280075.551339014 0.188671659476157 108 108),0.75904242,XL,0.5,0.5,NA,0.5,0.666666667,0.583333333,c(-1152798.70238647, 2149936.64868621),Smaller (<62 km),Cool
109,3387,109,Hams Fork,1.404,Wyoming,235349,0,1918.15,15.66,0.00141463,214.6,1605.08,1281741,0.38084,62,18.96,20.07,20.9,153,15,1.585260549,0.25678129,0,12.821,7,4,3,0.999,0.857142857,NA,0.999,1,5,1,1,NA,NA,NA,NA,1,NA,NA,NA,NA,NA,1,NA,1,NA,NA,NA,NA,NA,NA,NA,NA,NA,NA,NA,NA,NA,NA,NA,NA,NA,NA,NA,NA,NA,NA,NA,NA,NA,0,NA,NA,NA,NA,NA,NA,1,1,NA,1,NA,NA,NA,NA,NA,1,1,NA,NA,NA,NA,NA,NA,NA,NA,NA,NA,NA,NA,NA,NA,NA,NA,NA,NA,NA,NA,NA,1,NA,NA,NA,NA,NA,NA,NA,NA,NA,NA,NA,NA,NA,0.000918071,GREEN,0.999,0.999,NA,NA,M,0.878316127,2.3283064365387e-10,287068.1784,0.056847355,109,9,SNETWORK (9 3387 287068.178376242 0.8783161269703 109 109),0.7476303,S,NA,1,NA,1,0.833333333,0.5,c(-1155459.24869478, 2153066.535543),Smaller (<62 km),Cool
110,3398,110,Hams Fork,1.404,Wyoming,239223,0,2010.68,15.88,0.002109,231.33,1189.64,1299236,0.506346,63,18.51,19.6,20.43,145,44,1.418279554,0.22926143,1,8.409,3,4,-1,0.666666667,0.666666667,0.999,0.5,0,5,1,1,NA,NA,NA,NA,1,NA,NA,NA,NA,NA,NA,NA,NA,NA,NA,NA,1,NA,NA,NA,NA,NA,NA,NA,NA,NA,NA,NA,NA,NA,NA,NA,NA,NA,NA,NA,NA,NA,NA,NA,NA,NA,NA,NA,NA,NA,1,NA,1,NA,NA,NA,NA,NA,0,NA,NA,NA,NA,NA,NA,NA,NA,NA,NA,NA,NA,NA,NA,NA,NA,NA,NA,NA,NA,NA,NA,1,NA,NA,NA,NA,NA,NA,NA,NA,NA,NA,NA,NA,NA,0.032944408,GREEN,0.999,0.5,NA,NA,M,0.700334612,0,350813.7733,0.056847355,110,9,SNETWORK (9 3398 350813.773319407 0.700334612326575 110 110),0.774969701,XL,1,0.5,NA,0.666666667,NA,0.75,c(-1173564.23913347, 2174774.3858998),Smaller (<62 km),Cool
111,3401,111,Hams Fork,1.404,Wyoming,239244,0,2023.63,25.13,0.00140222,239.49,1166.69,1297221,0.516308,63,18.3,19.39,20.22,146,52,1.407655817,0.22743058,1,20.954,6,1,-2,0.6,0.666666667,0.5,0.999,0,3,NA,1,NA,NA,NA,NA,1,NA,NA,NA,NA,NA,NA,NA,NA,NA,NA,NA,NA,NA,0,NA,NA,NA,NA,NA,NA,NA,NA,NA,NA,NA,NA,NA,NA,NA,NA,NA,NA,NA,NA,NA,NA,NA,NA,NA,NA,1,1,NA,1,0,NA,NA,NA,NA,NA,1,NA,NA,NA,NA,NA,NA,NA,NA,NA,NA,NA,NA,NA,NA,NA,NA,NA,NA,NA,NA,NA,1,NA,NA,NA,NA,NA,NA,NA,NA,NA,NA,NA,NA,NA,0.052086909,GREEN,0.666666667,0.5,NA,0.001,M,0.288144775,0,359851.838,0.056847355,111,9,SNETWORK (9 3401 359851.838018481 0.288144775194981 111 111),0.774472724,XL,0.5,1,NA,0.6,1,0.555555556,c(-1177321.1745, 2173604.59449999),Smaller (<62 km),Cool
112,3406,112,Hams Fork,1.404,Wyoming,239159,0,2083.31,30.28,0.00170436,269.8,1036.12,1293718,0.579893,63,17.99,19.07,19.89,142,33,1.327542805,0.21143757,1,47.915,9,0,-3,0.5,0.666666667,0.75,0.001,1,3,1,1,NA,NA,NA,NA,1,NA,NA,NA,NA,NA,NA,NA,NA,NA,1,NA,NA,NA,1,NA,NA,NA,NA,NA,NA,NA,NA,NA,NA,NA,NA,NA,NA,NA,NA,NA,NA,NA,NA,NA,NA,NA,NA,NA,NA,1,1,NA,1,0,NA,NA,NA,NA,0,1,NA,NA,NA,NA,NA,NA,NA,NA,NA,NA,NA,NA,NA,NA,NA,NA,NA,NA,NA,NA,NA,0,NA,NA,NA,NA,NA,NA,NA,NA,NA,NA,NA,NA,NA,0.013837638,GREEN,0.666666667,0.333333333,NA,0.001,M,0.606921169,0,400473.8885,0.056847355,112,9,SNETWORK (9 3406 400473.888527125 0.60692116871961 112 112),0.759581819,XL,0.75,0,NA,0.5,1,0.5,c(-1194896.20731343, 2173478.09906151),Smaller (<62 km),Cool
113,3409,113,Willow Creek,1.404,Wyoming,241254,0,2118.34,6.54,0.00671552,306.36,168.61,1304576,0.018148,65,16.17,17.21,17.99,25,10,0.108636709,0.62373842,1,47.915,8,-2,-2,0.5,0.625,0.666666667,0.001,1,1,0,1,NA,NA,NA,NA,1,NA,NA,NA,NA,NA,NA,NA,NA,NA,1,NA,NA,NA,NA,NA,NA,NA,NA,NA,NA,NA,NA,NA,NA,NA,NA,NA,NA,NA,NA,NA,NA,NA,NA,NA,NA,NA,NA,NA,NA,0,1,NA,1,1,NA,NA,NA,NA,NA,NA,NA,NA,NA,NA,NA,NA,NA,NA,NA,NA,NA,NA,NA,NA,NA,NA,NA,NA,NA,0,NA,NA,NA,NA,NA,NA,NA,NA,NA,NA,NA,NA,NA,NA,NA,0.005161588,GREEN,0.666666667,NA,NA,0.5,M,0.063719254,0,416078.5447,0.056847355,113,9,SNETWORK (9 3409 416078.544699977 0.0637192537339464 113 113),0.738503033,S,0.666666667,0,NA,0.5,0.75,0.444444444,c(-1193572.32305843, 2184195.66718757),Smaller (<62 km),Cool
114,3410,114,Blacks Fork,1.404,Wyoming,234469,0,1908.75,0,1e-05,213.44,5442.14,1278285,0.172024,62,17.6,18.67,19.48,77,15,7.405992957,0.32357136,1,143.39,8,0,1,0.999,0.875,0.999,0.999,0,1,1,0,NA,NA,NA,NA,1,NA,NA,NA,NA,NA,NA,NA,NA,NA,NA,NA,NA,NA,NA,NA,NA,NA,NA,NA,NA,NA,NA,NA,NA,NA,NA,NA,NA,NA,NA,NA,NA,NA,NA,NA,NA,NA,NA,NA,NA,1,1,NA,1,NA,NA,NA,NA,NA,1,1,NA,NA,NA,NA,NA,NA,NA,NA,NA,NA,NA,NA,NA,NA,NA,NA,NA,NA,NA,NA,NA,1,NA,NA,NA,NA,NA,NA,NA,NA,NA,NA,NA,NA,NA,0.000280568,GREEN,0.999,0.999,NA,NA,M,0.525170107,0,280579.7355,0.192129292,114,9,SNETWORK (9 3410 280579.735530417 0.52517010735673 114 114),0.717145459,S,1,1,NA,1,0.8,0.222222222,c(-1153034.00079419, 2148838.90415913),Large (>62 km),Cool
115,3414,115,Blacks Fork,1.404,Wyoming,235136,0,1912.9,0,0.00112856,215.03,5250.23,1279362,0.176906,62,17.4,18.47,19.28,83,15,7.346375894,0.32118171,1,143.39,10,0,0,0.999,0.9,0.999,0.999,1,1,1,1,NA,NA,NA,NA,1,NA,NA,NA,NA,NA,NA,NA,0,NA,1,NA,NA,NA,NA,NA,NA,NA,NA,NA,NA,NA,NA,NA,NA,NA,NA,NA,NA,NA,NA,NA,NA,NA,NA,NA,NA,NA,NA,NA,NA,1,1,NA,1,NA,NA,NA,NA,NA,1,1,NA,NA,NA,NA,NA,NA,NA,NA,NA,NA,NA,NA,NA,NA,NA,NA,NA,NA,NA,NA,NA,1,NA,NA,NA,NA,NA,NA,NA,NA,NA,NA,NA,NA,NA,0.030803597,GREEN,0.999,0.999,NA,NA,M,0.804985369,0,291523.2758,0.192129292,115,9,SNETWORK (9 3414 291523.275750367 0.80498536874706 115 115),0.693430306,S,1,1,NA,1,0.833333333,0.181818182,c(-1159979.93096523, 2151566.62621465),Large (>62 km),Cool
116,3418,116,Blacks Fork,1.404,Wyoming,234981,0,1919.65,0,1e-05,212.33,4839.15,1278414,0.190484,61,17.26,18.33,19.13,85,16,7.151325933,0.31288682,1,143.39,5,-1,0,0.5,0.2,0.001,0.999,0,3,0,0,NA,NA,NA,NA,NA,NA,NA,NA,NA,NA,NA,NA,NA,NA,NA,NA,1,NA,NA,NA,NA,NA,NA,NA,NA,NA,NA,NA,NA,NA,NA,NA,NA,NA,NA,NA,NA,NA,NA,NA,NA,NA,NA,NA,NA,0,1,NA,0,NA,NA,NA,NA,NA,1,1,NA,NA,NA,NA,NA,NA,NA,NA,NA,NA,NA,NA,NA,NA,NA,NA,NA,NA,NA,NA,NA,NA,NA,NA,NA,NA,NA,NA,NA,NA,NA,NA,NA,NA,NA,0.039419653,GREEN,0.5,0.999,NA,NA,M,0.822178547,0,298763.4604,0.192129292,116,9,SNETWORK (9 3418 298763.460407443 0.822178546512484 116 116),0.730563637,M,0,1,NA,0.5,0,0.875,c(-1163829.03331013, 2151170.88577276),Large (>62 km),Cool
117,3422,117,Blacks Fork,1.404,Wyoming,234749,0,1921,0,0.00073558,214.52,4802.46,1276103,0.190309,61,17.11,18.17,18.97,76,15,7.138726741,0.31242516,1,143.39,4,5,2,0.999,0.999,0.999,0.999,0,5,1,1,NA,NA,NA,NA,1,NA,NA,NA,NA,NA,NA,NA,NA,NA,NA,NA,NA,NA,NA,NA,NA,NA,NA,NA,NA,NA,NA,NA,NA,NA,NA,NA,NA,NA,NA,NA,NA,NA,NA,NA,NA,NA,NA,NA,NA,1,1,NA,1,NA,NA,NA,NA,NA,1,1,NA,NA,NA,NA,NA,NA,NA,NA,NA,NA,NA,NA,NA,NA,NA,NA,NA,NA,NA,NA,NA,1,NA,NA,NA,NA,NA,NA,NA,NA,NA,NA,NA,NA,NA,0.036819359,GREEN,0.999,0.999,NA,NA,M,0.374702672,0,307761.8198,0.192129292,117,9,SNETWORK (9 3422 307761.81983105 0.374702672153793 117 117),0.697375756,S,1,1,NA,1,1,0.555555556,c(-1169694.95559056, 2150158.32228056),Large (>62 km),Cool
118,3428,118,Blacks Fork,1.404,Wyoming,233408,0,1932.39,1.62,3.96e-05,211.3,2265.5,1270177,0.271728,59,18.39,19.48,20.3,78,15,5.661872882,0.24626865,1,143.39,6,-3,-1,0.5,0.333333333,0.001,0.999,0,1,0,0,NA,NA,NA,NA,1,NA,NA,NA,NA,NA,NA,NA,NA,NA,NA,NA,NA,NA,NA,NA,NA,NA,NA,NA,NA,NA,NA,NA,NA,NA,NA,NA,NA,NA,NA,NA,NA,NA,NA,NA,NA,NA,NA,NA,NA,0,NA,NA,0,NA,NA,NA,NA,NA,1,NA,NA,NA,NA,NA,NA,NA,NA,NA,NA,NA,NA,NA,NA,NA,NA,NA,1,NA,NA,NA,NA,NA,NA,NA,NA,NA,NA,NA,NA,NA,NA,NA,NA,NA,NA,0.000787554,GREEN,0.001,0.999,NA,NA,,0.545535813,0,324430.192,0.091732537,118,9,SNETWORK (9 3428 324430.191999364 0.545535812945086 118 118),0.746242422,S,0,1,NA,0.5,0.25,0.714285714,c(-1168018.66078022, 2143692.13120189),Large (>62 km),Cool
119,3438,119,Blacks Fork,1.404,Wyoming,231278,0,1951.97,0.68,0.00175831,210.48,2048.11,1259767,0.291737,59,18.35,19.44,20.26,80,50,5.583230023,0.2402863,1,143.39,4,2,-1,0.666666667,0.75,0.999,0.001,0,3,NA,1,NA,NA,NA,NA,1,NA,NA,NA,NA,NA,NA,NA,NA,NA,NA,NA,NA,NA,NA,NA,NA,NA,NA,NA,NA,NA,NA,NA,NA,NA,NA,NA,NA,NA,NA,NA,NA,NA,NA,NA,NA,NA,NA,NA,NA,1,1,NA,1,NA,NA,NA,NA,NA,NA,NA,NA,NA,NA,NA,NA,NA,NA,NA,NA,NA,NA,NA,NA,NA,NA,NA,1,NA,NA,NA,NA,0,NA,NA,NA,NA,NA,NA,NA,NA,NA,NA,NA,NA,NA,0.033504626,GREEN,0.999,0.001,NA,NA,M,0.07852363,2.3283064365387e-10,343820.2002,0.091732537,119,9,SNETWORK (9 3438 343820.20023923 0.0785236300198371 119 119),0.754715154,XL,1,0,NA,0.666666667,1,0.571428571,c(-1171982.84916762, 2134105.23915474),Large (>62 km),Cool
120,3440,120,Blacks Fork,1.404,Wyoming,231006,0,1962.07,9.42,0.00176445,215.44,840.47,1256126,0.394495,59,17.93,19.01,19.82,79,15,3.566585685,0.21536605,1,143.39,8,0,2,0.5,0.625,0.999,0.001,0,3,1,0,NA,NA,NA,NA,1,NA,NA,NA,NA,NA,NA,NA,0,NA,NA,NA,NA,NA,NA,NA,NA,NA,NA,NA,NA,NA,NA,NA,NA,NA,NA,NA,NA,NA,NA,NA,NA,NA,NA,NA,NA,NA,NA,NA,NA,1,1,NA,1,NA,NA,NA,NA,NA,0,1,NA,NA,NA,NA,NA,NA,NA,NA,NA,NA,NA,NA,NA,NA,NA,1,NA,NA,NA,NA,NA,1,NA,NA,NA,NA,NA,NA,NA,NA,NA,NA,NA,NA,NA,0.006066459,GREEN,0.999,0.666666667,NA,NA,M,0.814657282,0,352136.4031,0.037948959,120,9,SNETWORK (9 3440 352136.403135645 0.814657281701412 120 120),0.784236364,S,1,0,NA,0.5,0.666666667,0.545454545,c(-1175332.85365401, 2130675.67071862),Large (>62 km),Cool
121,3445,121,Blacks Fork,1.404,Wyoming,230276,0,1995.53,6.98,0.00272389,225.83,749.15,1251360,0.440422,55,18.06,19.15,19.97,87,54,3.534516431,0.21073486,1,9.678,5,0,-3,0.25,0.4,0.333333333,0.001,1,3,NA,1,NA,NA,NA,NA,1,NA,NA,NA,NA,NA,NA,NA,NA,NA,1,NA,NA,NA,NA,NA,NA,NA,NA,NA,NA,NA,NA,NA,NA,NA,NA,NA,NA,NA,NA,NA,NA,NA,NA,NA,NA,NA,NA,NA,NA,1,0,NA,1,0,NA,NA,NA,NA,NA,NA,NA,NA,NA,NA,NA,NA,NA,NA,NA,NA,NA,NA,NA,NA,NA,NA,NA,NA,NA,NA,NA,0,NA,NA,NA,NA,NA,NA,NA,NA,NA,NA,NA,NA,NA,0.020669773,GREEN,0.333333333,0.001,NA,0.001,M,0.938133214,0,370203.3265,0.037948959,121,9,SNETWORK (9 3445 370203.326451035 0.938133213935514 121 121),0.786509088,XL,0.333333333,0,NA,0.25,1,0.75,c(-1185824.82684188, 2127842.13142633),Smaller (<62 km),Cool
122,3451,122,Blacks Fork,1.404,Wyoming,228375,0,2064.22,27.72,0.01078319,241.12,566.52,1244483,0.43974,56,16.92,17.98,18.78,75,15,3.434238422,0.19466656,1,7.559,6,0,0,0.999,0.999,0.999,NA,1,0,NA,NA,NA,NA,NA,NA,1,NA,NA,NA,NA,NA,NA,NA,NA,NA,1,NA,NA,NA,NA,NA,NA,NA,NA,NA,NA,NA,NA,NA,NA,NA,NA,NA,NA,NA,NA,NA,NA,NA,NA,NA,NA,NA,NA,NA,NA,1,1,NA,1,1,NA,NA,NA,NA,NA,NA,NA,NA,NA,NA,NA,NA,NA,NA,NA,NA,NA,NA,NA,NA,NA,NA,NA,NA,NA,NA,NA,NA,NA,NA,NA,NA,NA,NA,NA,NA,NA,NA,NA,NA,NA,0.016297649,GREEN,0.999,NA,NA,0.999,M,0.596112229,0,383245.8815,0.037948959,122,9,SNETWORK (9 3451 383245.881499932 0.596112228690945 122 122),0.836854552,S,1,NA,NA,1,1,0.001,c(-1191466.19952531, 2122161.04535278),Smaller (<62 km),Cool
123,3456,123,Smiths Fork,1.404,Wyoming,230055,0,1966.92,0,0.00253672,217.28,1156.67,1254699,0.228683,60,17.94,19.02,19.83,5,15,1.99961525,0.27248168,0,52.748,7,2,1,0.666666667,0.714285714,0.999,0.001,0,4,0,1,NA,NA,NA,NA,1,NA,NA,NA,NA,NA,NA,NA,NA,NA,NA,NA,NA,NA,1,NA,NA,NA,NA,NA,NA,NA,NA,NA,NA,NA,NA,NA,NA,NA,NA,NA,NA,NA,NA,NA,NA,NA,NA,NA,NA,1,1,NA,1,NA,NA,NA,NA,NA,0,1,NA,NA,NA,NA,NA,NA,NA,NA,NA,NA,NA,NA,NA,NA,NA,1,1,NA,NA,NA,NA,NA,NA,NA,NA,NA,NA,NA,NA,NA,NA,NA,NA,NA,NA,0.025595569,GREEN,0.999,0.666666667,NA,NA,M,0.413608326,0,353326.7248,0.053783578,123,9,SNETWORK (9 3456 353326.724833078 0.413608325717994 123 123),0.712478788,S,1,0,NA,0.666666667,0.75,0.545454545,c(-1174599.21372831, 2128910.40039388),Smaller (<62 km),Cool
124,3460,124,Smiths Fork,1.404,Wyoming,229103,0,1982.28,0,0.00165164,223.4,784.97,1247829,0.334561,60,17.9,18.98,19.8,3,15,1.827407047,0.25109601,0,52.748,5,2,-1,0.5,0.8,0.999,0.001,0,3,1,1,NA,NA,NA,NA,1,NA,NA,NA,NA,NA,NA,NA,NA,NA,NA,NA,NA,NA,NA,NA,NA,NA,NA,NA,NA,NA,NA,NA,NA,NA,NA,NA,NA,NA,NA,NA,NA,NA,NA,NA,NA,NA,NA,NA,NA,1,NA,NA,1,NA,NA,NA,NA,NA,0,1,NA,NA,NA,NA,NA,NA,NA,NA,NA,NA,NA,NA,NA,NA,NA,NA,1,NA,NA,NA,NA,NA,NA,NA,NA,NA,NA,NA,NA,NA,NA,NA,NA,NA,NA,0.022171805,GREEN,0.999,0.001,NA,NA,M,0.835632149,1.86264514923096e-09,364848.1514,0.053783578,124,9,SNETWORK (9 3460 364848.151380928 0.835632148855777 124 124),0.71248,S,1,0,NA,0.5,1,0.5,c(-1177133.8625372, 2122556.16519114),Smaller (<62 km),Cool
126,3481,126,Hams Fork,1.404,Wyoming,238253,0,1961.06,11.98,0.00079149,215.99,1471.22,1292449,0.415186,62,18.84,19.95,20.78,150,15,1.541385097,0.25016208,1,11.908,9,-1,-1,0.75,0.888888889,0.999,0.5,0,0,1,1,NA,NA,NA,NA,1,NA,NA,NA,NA,NA,NA,NA,NA,NA,NA,NA,NA,NA,NA,NA,NA,NA,NA,NA,NA,NA,NA,NA,NA,NA,NA,NA,NA,NA,NA,NA,NA,NA,NA,NA,NA,NA,NA,NA,NA,1,1,NA,1,NA,NA,NA,NA,NA,0,1,NA,NA,NA,NA,NA,NA,NA,NA,NA,NA,NA,NA,NA,NA,NA,NA,NA,NA,NA,NA,NA,1,NA,NA,NA,NA,NA,NA,NA,NA,NA,NA,NA,NA,NA,0.038983444,GREEN,0.999,0.5,NA,NA,M,0.600766449,0,313856.8502,0.056847355,126,9,SNETWORK (9 3481 313856.850202509 0.600766449139758 126 126),0.761721215,S,1,0.5,NA,0.75,1,0.111111111,c(-1161539.70792001, 2165332.77098784),Smaller (<62 km),Cool
127,3493,127,Smiths Fork,1.404,Wyoming,228802,0,2051.59,0,0.00790676,230.17,561.79,1243913,0.455136,59,17.46,18.53,19.34,4,15,1.733784034,0.23108963,0,52.748,4,3,3,0.999,0.75,0.999,NA,1,4,0,NA,NA,NA,NA,NA,1,NA,NA,NA,NA,NA,NA,NA,NA,NA,NA,NA,NA,NA,1,NA,NA,NA,NA,NA,NA,NA,NA,NA,NA,NA,NA,NA,NA,NA,NA,NA,NA,NA,NA,NA,NA,NA,NA,NA,NA,1,1,1,1,NA,NA,NA,NA,NA,NA,NA,NA,NA,NA,NA,NA,NA,NA,NA,NA,NA,NA,NA,1,NA,NA,NA,NA,NA,NA,NA,NA,NA,NA,NA,NA,NA,NA,NA,NA,NA,NA,NA,NA,NA,NA,0.025569164,GREEN,0.999,0.999,NA,NA,M,0.868491717,0,377398.1139,0.053783578,127,9,SNETWORK (9 3493 377398.113919386 0.868491716819138 127 127),0.542163634,S,1,NA,NA,1,0.666666667,0.625,c(-1185220.51549896, 2120081.75789196),Smaller (<62 km),Cool
128,3500,128,Blacks Fork,1.404,Wyoming,235301,0,1887.22,4,0.00045712,209.81,7531.03,1285222,0.272437,58,19.01,20.12,20.95,82,15,9.143548006,0.31330921,1,143.39,8,1,1,0.999,0.75,0.999,0.999,0,3,0,1,NA,NA,NA,NA,1,NA,NA,NA,NA,NA,NA,NA,0,NA,NA,NA,NA,NA,NA,NA,NA,NA,NA,NA,NA,NA,NA,NA,NA,NA,NA,NA,NA,NA,NA,NA,NA,NA,NA,NA,NA,NA,NA,NA,NA,1,1,NA,1,NA,NA,NA,NA,NA,1,1,NA,NA,NA,NA,NA,NA,NA,NA,NA,NA,NA,NA,NA,NA,NA,NA,1,NA,NA,NA,NA,1,NA,NA,NA,NA,NA,NA,NA,NA,NA,NA,NA,NA,NA,0.004100788,GREEN,0.999,0.999,NA,NA,M,0.021353474,0,253163.2965,0.248976648,128,9,SNETWORK (9 3500 253163.296547897 0.0213534740875122 128 128),0.689793939,S,1,1,NA,1,0.6,0.454545455,c(-1137929.79870844, 2153180.84575157),Large (>62 km),Cool
129,3502,129,Hams Fork,1.404,Wyoming,239191,0,2061.99,25.15,0.00090197,259.59,1075.24,1296181,0.558795,63,18.18,19.26,20.09,147,52,1.352574925,0.21660549,1,47.915,8,-2,-5,0.285714286,0.375,0.666666667,0.001,1,3,NA,1,NA,NA,NA,NA,1,NA,NA,NA,NA,NA,NA,NA,NA,NA,1,NA,NA,NA,NA,NA,NA,NA,NA,NA,NA,NA,NA,NA,NA,NA,NA,NA,NA,NA,NA,NA,NA,NA,NA,NA,NA,NA,NA,NA,NA,1,1,NA,1,0,NA,NA,NA,0,0,NA,NA,NA,NA,NA,NA,NA,NA,NA,NA,NA,NA,NA,NA,NA,NA,0,NA,NA,NA,NA,NA,0,NA,NA,NA,NA,NA,NA,NA,NA,NA,NA,NA,NA,NA,0.016984709,GREEN,0.666666667,0.001,NA,0.001,M,0.922531511,8.39482824193311e-10,388214.5272,0.056847355,129,9,SNETWORK (9 3502 388214.527245149 0.922531511445323 129 129),0.761751514,XL,0.666666667,0,NA,0.285714286,1,0.727272727,c(-1188887.1867412, 2174404.14455868),Smaller (<62 km),Cool
130,3526,130,Little Muddy Creek,1.404,Wyoming,235680,0,1979.57,1.88,0.00116546,227.35,1273.97,1274672,0.151322,56,16.25,17.29,18.08,159,24,0.72235678,0.61903567,0,53.068,3,3,1,0.999,0.999,0.999,NA,0,3,1,NA,NA,NA,NA,NA,1,NA,NA,NA,NA,NA,NA,NA,NA,NA,NA,NA,NA,NA,NA,NA,NA,NA,NA,NA,NA,NA,NA,NA,NA,NA,NA,NA,NA,NA,NA,NA,NA,NA,NA,NA,NA,NA,NA,NA,NA,1,1,NA,1,NA,NA,NA,NA,NA,NA,NA,NA,NA,NA,NA,NA,NA,NA,NA,NA,NA,NA,NA,NA,NA,NA,NA,NA,NA,NA,NA,NA,1,NA,NA,NA,NA,NA,NA,NA,NA,NA,NA,NA,NA,NA,0.005160409,GREEN,0.999,0.999,NA,NA,M,0.236399022,0,358422.149,0.063209324,130,9,SNETWORK (9 3526 358422.148958284 0.236399021716376 130 130),0.757224247,L,1,NA,NA,1,1,0.5,c(-1196622.64642204, 2153980.16132497),Smaller (<62 km),Cool
131,3539,131,North Fork Little Muddy Creek,1.404,Wyoming,238290,0,2048.77,0,0.00202742,249.39,73.12,1287887,2.457907,60,17.03,18.09,18.88,235,15,0.050193262,0.71564994,0,21.641,8,-2,-1,0.75,0.75,0.999,0.5,0,0,1,NA,NA,NA,NA,NA,1,NA,NA,NA,NA,NA,NA,NA,NA,NA,NA,NA,NA,NA,NA,NA,NA,NA,NA,NA,NA,NA,NA,NA,NA,NA,NA,NA,NA,NA,NA,NA,NA,NA,NA,NA,NA,NA,NA,NA,NA,1,1,NA,1,NA,NA,NA,NA,NA,NA,0,NA,NA,NA,NA,NA,NA,NA,NA,NA,NA,NA,NA,NA,NA,NA,1,NA,NA,NA,NA,NA,0,NA,NA,NA,NA,NA,NA,NA,NA,NA,NA,NA,NA,NA,0.028253873,GREEN,0.999,0.5,NA,NA,,0.833936815,0,381324.651,0.010778599,131,9,SNETWORK (9 3539 381324.650997862 0.833936814873017 131 131),0.681756591,S,1,0.5,NA,0.75,0.75,0.25,c(-1198175.8086, 2168160.504),Smaller (<62 km),Cool
134,3577,134,Muddy Creek,1.404,Wyoming,232088,0,2005.78,4.92,0.00169517,234.6,548.26,1257324,0.173349,54,16.65,17.7,18.49,199,18,0.421461894,0.30288198,0,79.838,4,-1,1,0.5,0.25,0.001,0.999,0,2,0,NA,NA,NA,NA,NA,NA,NA,NA,NA,NA,NA,NA,NA,NA,NA,NA,NA,NA,NA,NA,NA,NA,NA,NA,NA,NA,NA,NA,NA,NA,NA,NA,NA,NA,NA,NA,NA,NA,NA,NA,NA,NA,NA,NA,NA,NA,0,1,NA,0,NA,NA,NA,NA,NA,1,NA,NA,NA,NA,NA,NA,NA,NA,NA,NA,NA,NA,NA,NA,NA,NA,NA,NA,NA,NA,NA,NA,1,NA,NA,NA,NA,NA,NA,NA,NA,NA,NA,NA,NA,NA,0.041542957,GREEN,0.5,0.999,NA,NA,M,0.364942996,0,372806.8206,0.037187432,134,9,SNETWORK (9 3577 372806.820594657 0.364942996352008 134 134),0.721387878,M,0,1,NA,0.5,0,0.833333333,c(-1204388.06730867, 2137523.1171716),Large (>62 km),Cool
135,3586,135,Muddy Creek,1.404,Wyoming,230541,0,2032.79,1.24,0.00393346,251.51,479.72,1248978,0.198118,55,16.55,17.59,18.38,200,15,0.391564039,0.28545391,0,79.838,7,-2,-1,0.666666667,0.714285714,0.999,0.5,0,0,0,NA,NA,NA,NA,NA,1,NA,NA,NA,NA,NA,NA,NA,NA,NA,NA,NA,NA,NA,NA,NA,NA,NA,NA,NA,NA,NA,NA,NA,NA,NA,NA,NA,NA,NA,NA,NA,NA,NA,NA,NA,NA,NA,NA,NA,NA,1,NA,NA,1,NA,NA,NA,NA,NA,1,1,NA,NA,NA,NA,NA,NA,NA,NA,NA,NA,NA,NA,NA,NA,NA,NA,NA,NA,NA,NA,NA,0,NA,NA,NA,NA,NA,NA,NA,NA,NA,NA,NA,NA,NA,0.042687697,GREEN,0.999,0.5,NA,NA,M,0.051213315,0,384316.5531,0.037187432,135,9,SNETWORK (9 3586 384316.553099961 0.0512133152781946 135 135),0.682133333,S,1,0.5,NA,0.666666667,0.75,0.285714286,c(-1208916.53719948, 2130473.88718353),Large (>62 km),Cool
136,3587,136,Muddy Creek,1.404,Wyoming,230185,0,2043.94,1.52,0.00355194,255.9,463.64,1246615,0.204985,55,16.5,17.54,18.33,201,15,0.383907375,0.28075416,0,79.838,8,-4,-3,0.25,0.5,0.5,0.001,0,0,1,NA,NA,NA,NA,NA,1,NA,NA,NA,NA,NA,NA,NA,NA,NA,NA,NA,NA,NA,NA,NA,NA,NA,NA,NA,NA,NA,NA,NA,NA,NA,NA,NA,NA,NA,NA,NA,NA,NA,NA,NA,NA,NA,NA,NA,NA,1,0,NA,1,NA,NA,NA,NA,NA,0,0,NA,NA,NA,NA,NA,NA,NA,NA,NA,NA,NA,NA,NA,NA,NA,NA,NA,NA,NA,NA,NA,0,NA,NA,NA,NA,NA,NA,NA,NA,NA,NA,NA,NA,NA,0.006168088,GREEN,0.5,0.001,NA,NA,M,0.611938565,0,387422.3918,0.037187432,136,9,SNETWORK (9 3587 387422.391759547 0.611938564767811 136 136),0.722406059,S,0.5,0,NA,0.25,0.75,0.5,c(-1209648.35037174, 2127986.35463021),Large (>62 km),Cool
348,11159,348,NA,1.404,Wyoming,259904,0,1842.81,0.22,1e-05,205.48,8366.71,1258913.63,0.309831,60,19.4,20.52,21.37,253,15,9.443694943,0.32373415,0,36.541,7,-3,-2,0.333333333,0.285714286,0.001,0.5,0,2,0,NA,NA,NA,NA,NA,0,NA,NA,NA,NA,NA,NA,NA,1,NA,NA,NA,NA,NA,NA,NA,NA,NA,NA,NA,NA,NA,NA,NA,NA,NA,NA,NA,NA,NA,NA,NA,NA,NA,NA,NA,NA,NA,NA,NA,NA,0,NA,NA,0,NA,NA,NA,NA,NA,1,1,NA,NA,NA,NA,NA,NA,NA,NA,NA,NA,NA,NA,NA,NA,NA,0,1,NA,NA,NA,NA,NA,NA,NA,NA,NA,NA,NA,NA,NA,NA,NA,NA,NA,NA,0.003793198,GREEN,0.001,0.5,NA,NA,M,0.471867031,0,182793.5734,0.248976648,342,9,SNETWORK (9 11159 182793.573357908 0.471867031051971 348 342),0.72989697,S,0,0.5,NA,0.333333333,0.25,0.777777778,c(-1126647.45995451, 2123458.73437489),Smaller (<62 km),Cool