"","GNIS_NAME","HUC6","temp","RepeatID","Yrange","size","barrier","length","numSpE","pisc","prosper","FHMN","LNDC","CRCH","SDSH","LNSU","WSU","EB","GSUN","CARP","LL","RB","LKCH","BRMN","PLMN","SCAT","SHRH","FHCH","RCSU","CCAT","PLSU"
"1","Coal Creek","101900",16.87,462,30,1.28982801,0,21.117,4,0,0.588218185,0,0,1,NA,NA,NA,NA,NA,NA,NA,NA,NA,NA,NA,NA,NA,NA,NA,NA,NA
"2","East Plum Creek","101900",18.55,461,29,1.78464158,0,28.929,4,0,0.75458788,1,1,1,1,1,1,NA,NA,NA,NA,NA,NA,NA,NA,NA,NA,NA,NA,NA,NA
"3","West Plum Creek","101900",19.42,460,29,1.66040586,0,12.236,5,0,0.70270909,1,1,1,NA,0,1,1,NA,NA,NA,NA,NA,NA,NA,NA,NA,NA,NA,NA,NA
"4","South Platte River","101900",21.28,457,39,658.1175771,1,3.64,5,1,0.799066665,0,1,NA,1,0,1,NA,0,1,NA,NA,NA,NA,NA,NA,NA,NA,NA,NA,NA
"5","Cache la Poudre River","101900",18.37,455,25,368.4412024,1,17.667,10,1,0.644139389,1,1,0,0,1,1,NA,1,0,1,NA,NA,NA,NA,NA,NA,NA,NA,NA,NA
"6","Cache la Poudre River","101900",18.09,454,25,367.5186986,1,0.796,9,1,0.64414,1,1,1,0,1,1,NA,1,0,1,1,NA,NA,NA,NA,NA,NA,NA,NA,NA
"7","Cache la Poudre River","101900",17.43,453,25,367.456823,1,3.059,7,1,0.643545456,0,1,NA,NA,1,1,NA,NA,NA,1,1,NA,NA,NA,NA,NA,NA,NA,NA,NA
"8","Cache la Poudre River","101900",17.23,452,13,367.3532341,1,1.646,5,1,0.6435,NA,1,NA,NA,1,0,NA,NA,NA,1,1,NA,NA,NA,NA,NA,NA,NA,NA,NA
"9","Cherry Creek","101900",20.18,451,23,4.75554837,1,3.907,5,1,0.760793942,1,1,NA,NA,0,0,NA,1,NA,NA,NA,NA,NA,NA,NA,NA,NA,NA,NA,NA
"10","Big Warm Creek","100500",18.94,450,18,1.50306956,0,111.528,5,0,0.648109092,1,1,NA,NA,NA,1,NA,NA,NA,NA,NA,1,1,NA,NA,NA,NA,NA,NA,NA
"11","Peoples Creek","100500",19.42,449,23,40.54020368,1,167.03,2,1,0.701233898,1,NA,NA,NA,NA,1,NA,NA,1,NA,NA,NA,NA,NA,NA,NA,NA,NA,NA,NA
"12","","100500",19.43,448,24,18.84535459,0,99.155,10,0,0.677357605,1,1,NA,NA,NA,1,NA,NA,NA,NA,NA,1,0,0,1,1,NA,NA,NA,NA
"13","Plentywood Creek","100600",20.93,447,16,4.16872884,0,40.451,5,1,0.547527271,1,NA,NA,NA,NA,0,NA,NA,NA,NA,NA,0,NA,NA,NA,NA,NA,NA,NA,NA
"14","Beaver Creek","100600",21.11,446,26,15.20933836,0,27.74,7,1,0.667032418,1,0,NA,NA,NA,1,NA,NA,0,NA,NA,1,0,NA,NA,NA,NA,NA,NA,NA
"15","Eagle Creek","100600",19.32,445,21,1.53502095,0,58.297,6,1,0.536460606,1,NA,NA,NA,NA,1,NA,NA,NA,NA,NA,NA,0,NA,NA,NA,NA,NA,NA,NA
"16","Otter Creek","100901",21.57,444,30,21.60058167,0,89.798,16,1,0.809042427,1,NA,NA,1,NA,0,NA,1,1,NA,NA,NA,NA,NA,0,0,0,0,NA,NA
"17","Otter Creek","100901",21.31,443,22,17.31613485,0,89.798,2,1,0.793090909,NA,NA,NA,NA,NA,1,NA,1,1,NA,NA,1,NA,1,NA,NA,NA,NA,NA,NA
"18","Otter Creek","100901",21.12,442,32,13.97816946,0,89.798,4,0,0.80798788,NA,NA,NA,NA,NA,0,NA,NA,NA,NA,NA,0,1,NA,NA,NA,NA,NA,NA,NA
"19","Otter Creek","100901",20.76,441,27,9.38222892,1,63.832,2,0,0.768109094,NA,NA,NA,NA,NA,1,NA,NA,NA,NA,NA,1,1,NA,NA,NA,NA,NA,NA,NA
"20","Black Thunder Creek","101201",20.87,440,21,24.55640329,0,5.148,7,1,0.713545458,1,NA,NA,1,NA,0,NA,1,1,NA,NA,NA,NA,0,NA,NA,1,NA,1,NA
"21","Beaver Creek","100500",16.96,439,67,5.20791766,1,14.629,5,0,0.846860602,1,1,NA,NA,NA,1,0,NA,NA,NA,0,NA,1,NA,NA,NA,NA,NA,NA,NA
"22","McDonald Creek","100402",20.31,438,22,12.19237738,0,114.136,5,0,0.911200005,1,0,NA,1,NA,1,NA,NA,NA,NA,NA,1,NA,NA,NA,NA,NA,NA,NA,0
"23","Mizpah Creek","100902",21.3,436,47,26.404976,0,107.143,13,1,0.669078788,1,0,1,0,NA,0,NA,1,1,NA,NA,NA,NA,0,NA,0,0,0,0,NA
"24","Tie Creek","101102",18.41,435,22,1.74553524,1,27.993,5,1,0.593175762,1,NA,NA,NA,0,NA,NA,1,NA,NA,NA,NA,0,NA,NA,NA,NA,NA,NA,NA
"25","Ranch Creek","100902",20.81,434,17,1.60889855,0,42.321,5,0,0.499024246,0,0,0,NA,NA,NA,NA,0,NA,NA,NA,NA,0,NA,NA,NA,NA,NA,NA,NA
"26","Sarpy Creek","101000",20.13,433,47,6.82317961,1,142.475,3,0,0.734812121,NA,NA,NA,NA,NA,1,NA,0,1,NA,NA,0,NA,NA,NA,NA,NA,NA,NA,NA
"27","Rosebud Creek","101000",17.49,432,20,1.69188453,0,334.265,4,0,0.793606066,1,1,NA,NA,NA,1,NA,NA,NA,NA,NA,1,NA,NA,NA,NA,NA,NA,NA,1
"28","Bitter Creek","100902",20.71,431,21,4.15185939,0,58.659,2,0,0.548721212,NA,NA,0,NA,NA,NA,NA,NA,NA,NA,NA,NA,0,NA,NA,NA,NA,NA,NA,NA
"29","Crazy Woman Creek","100902",20.46,430,19,38.03778631,1,158.213,5,1,0.808363635,NA,1,0,NA,NA,1,NA,NA,1,NA,NA,NA,1,NA,1,1,1,1,1,0
"30","South Fork Powder River","100902",17.31,429,20,15.08263732,0,209.875,3,0,0.604139392,NA,NA,NA,1,NA,NA,NA,NA,NA,NA,NA,NA,NA,NA,NA,NA,1,NA,NA,NA
"31","Inyan Kara Creek","101202",19.47,428,29,17.32633867,0,91.656,9,1,0.828090904,1,0,1,0,NA,1,NA,1,0,NA,NA,NA,NA,NA,0,0,NA,NA,NA,NA
"32","","101201",20.83,425,19,10.65052201,0,148.488,4,0,0.030987878,1,1,NA,1,NA,0,NA,NA,NA,NA,NA,NA,NA,0,NA,NA,NA,NA,NA,NA
"33","Indian Creek","101201",21.63,424,59,1.78893325,0,112.906,5,0,0.600921215,1,1,NA,NA,NA,1,NA,0,NA,NA,NA,NA,NA,NA,NA,NA,NA,NA,NA,NA
"34","","101800",17.3,423,55,8.52700585,1,25.729,6,0,0.672181814,1,1,1,NA,1,0,NA,NA,NA,NA,NA,NA,0,NA,NA,NA,NA,NA,NA,NA
"35","Pumpkin Creek","100901",21.59,422,25,21.7865502,0,202.753,8,0,0.71774545,1,NA,0,1,NA,NA,NA,0,1,NA,NA,NA,NA,0,NA,NA,NA,1,1,NA
"36","Pondera Coulee","100302",21.76,421,23,15.93850217,0,181.177,7,0,0.742866664,1,1,NA,NA,NA,1,NA,NA,0,NA,NA,1,1,NA,NA,NA,NA,NA,NA,NA
"37","Stinky Creek","100500",18.84,420,13,2.54629709,0,52.793,4,0,0.503818185,1,NA,NA,NA,NA,0,NA,NA,NA,NA,NA,NA,NA,NA,NA,NA,NA,NA,NA,NA
"38","East Fork Stinky Creek","100500",18.68,419,11,1.82845825,0,15.653,3,0,0.535472731,1,NA,NA,NA,NA,1,NA,NA,NA,NA,NA,NA,NA,NA,NA,NA,NA,NA,NA,NA
"39","Whitetail Creek","100600",20.01,418,9,3.53977447,0,28.287,4,1,0.588896965,0,NA,NA,NA,NA,0,NA,NA,NA,NA,NA,NA,NA,NA,NA,NA,NA,NA,NA,NA
"40","Middle Fork Eagle Creek","100600",19.57,417,11,1.12134808,0,17.389,4,0,0.499618181,0,NA,NA,NA,NA,NA,NA,NA,NA,NA,NA,NA,0,NA,NA,NA,NA,NA,NA,NA
"41","West Charlie Creek","100600",21.61,416,15,22.5496379,0,37.229,5,0,0.631436365,0,NA,NA,1,NA,0,NA,NA,NA,NA,NA,NA,NA,0,NA,NA,NA,NA,NA,NA
"42","Morgan Creek","101000",20.61,415,12,0.14898044,0,12.581,3,0,0.289648489,NA,1,0,NA,NA,NA,NA,NA,NA,NA,NA,NA,NA,NA,NA,NA,NA,NA,NA,NA
"43","Little Beaver Creek","101102",18.58,414,26,8.26027336,0,179.762,9,1,0.714103034,0,NA,0,0,NA,1,NA,1,NA,NA,NA,NA,NA,NA,1,NA,NA,NA,NA,NA
"44","Assiniboine Creek","100500",19.28,413,13,5.74435084,0,46.189,5,0,0.551642423,1,NA,NA,NA,NA,0,NA,NA,NA,NA,NA,NA,0,NA,NA,NA,NA,NA,NA,NA
"45","Big Warm Creek","100500",18.94,412,9,1.50306956,0,111.528,1,0,0.601265198,NA,NA,NA,NA,NA,NA,NA,NA,NA,NA,NA,1,NA,NA,NA,NA,NA,NA,NA,NA
"46","Little Warm Creek","100500",18.41,411,9,0.8287516,1,52.735,2,0,0.557872726,NA,1,NA,NA,NA,NA,NA,NA,NA,NA,NA,NA,NA,1,NA,NA,NA,NA,NA,NA
"47","Porcupine Creek","100500",19.33,410,15,47.68009349,0,73.638,5,0,0.650878785,1,NA,NA,NA,NA,0,NA,NA,NA,NA,NA,NA,NA,NA,NA,NA,NA,NA,NA,NA
"48","Little Porcupine Creek","100600",19.4,409,15,16.81753105,0,99.003,9,0,0.362648486,0,1,NA,NA,NA,1,NA,NA,NA,NA,NA,0,0,NA,NA,NA,NA,NA,NA,NA
"49","Wolf Creek","100600",21,408,16,12.84779787,0,36.127,5,1,0.699375761,0,0,NA,NA,NA,0,NA,NA,NA,NA,NA,0,NA,NA,NA,NA,NA,NA,NA,NA
"50","Plentywood Creek","100600",21,407,10,4.16872884,0,40.451,3,0,0.55472121,1,NA,NA,NA,NA,NA,NA,NA,NA,NA,NA,NA,0,NA,NA,NA,NA,NA,NA,NA
"51","Smoke Creek","100600",21.8,406,16,17.05963544,0,59.156,2,1,0.730127277,NA,NA,NA,NA,NA,0,NA,NA,NA,NA,NA,NA,NA,NA,NA,NA,NA,NA,NA,NA
"52","Smith Creek","101000",21.69,405,11,10.59114534,0,68.211,3,0,0.642393943,1,NA,NA,NA,NA,NA,NA,0,NA,NA,NA,NA,NA,NA,NA,1,NA,NA,NA,NA
"53","Snake Creek","100500",16.82,404,31,4.1709381,0,79.681,4,0,0.74358182,NA,0,NA,NA,NA,0,NA,NA,NA,NA,NA,1,1,NA,NA,NA,NA,NA,NA,NA
"54","Bullhook Creek","100500",17.66,403,11,3.32634899,1,30.525,3,0,0.714327271,1,NA,NA,NA,NA,NA,NA,NA,NA,NA,NA,NA,NA,NA,NA,NA,NA,NA,NA,NA
"55","Fords Creek","100402",19.31,402,15,4.16730614,0,46.473,3,0,0.843581819,1,NA,NA,NA,NA,NA,NA,NA,NA,NA,NA,NA,0,NA,NA,NA,NA,NA,NA,NA
"56","McDonald Creek","100402",20.31,401,14,12.19237738,0,114.136,5,0,0.670117335,0,0,NA,1,NA,0,NA,NA,NA,NA,NA,0,NA,NA,NA,NA,NA,NA,NA,0
"57","Currant Creek","100402",17.58,400,13,2.01427454,1,24.437,4,0,0.589630301,1,NA,NA,NA,NA,0,NA,NA,NA,NA,NA,0,NA,NA,NA,NA,NA,NA,NA,NA
"58","Big Coulee","100301",18.35,399,11,0.99944506,0,35.579,3,0,0.734981813,0,1,NA,NA,NA,1,NA,NA,NA,NA,0,NA,NA,NA,NA,NA,NA,NA,NA,NA
"59","Beaver Creek","100401",15.13,397,18,3.0708921,0,34.644,4,0,0.865793942,NA,0,NA,NA,0,NA,0,NA,NA,NA,NA,NA,NA,NA,NA,NA,NA,NA,NA,NA
"60","Careless Creek","100402",18.02,396,16,28.6215954,0,89.396,10,0,0.882084852,1,1,NA,NA,0,0,NA,NA,0,NA,NA,0,0,NA,NA,1,0,NA,NA,0
"61","","100302",16.78,395,11,0.62937782,0,43.16,3,0,0.645436361,NA,0,NA,NA,0,NA,NA,NA,NA,NA,NA,1,NA,NA,NA,NA,NA,NA,NA,NA
"62","Beaver Creek","0",21.45,393,48,12.13807993,0,304.426,6,1,0.696248484,1,0,NA,0,NA,0,NA,1,1,NA,NA,NA,NA,NA,NA,0,NA,NA,NA,NA
"63","South Fork McDonald Creek","100402",18.84,391,22,2.57090472,0,60.493,5,0,0.937896974,1,1,NA,NA,NA,1,NA,NA,NA,NA,NA,1,NA,NA,NA,NA,NA,NA,NA,1
"64","Sage Creek","100800",15.72,390,31,8.48542044,0,8.706,7,0,0.798309093,0,1,NA,NA,0,0,NA,NA,NA,NA,NA,0,NA,NA,NA,NA,0,NA,NA,1
"65","Sacagawea River","100402",21.84,387,26,6.03171075,0,155.282,10,0,0.572569694,1,0,NA,1,NA,1,NA,0,1,NA,NA,0,NA,NA,NA,NA,1,0,NA,NA
"66","Pryor Creek","100700",20.2,386,22,68.9871524,0,22.453,8,0,0.856751514,1,1,NA,1,NA,1,NA,NA,0,NA,NA,NA,NA,NA,1,1,1,1,1,1
"67","Prairie Elk Creek","100600",20.16,385,22,11.20885949,0,60.063,11,0,0.598503034,1,1,NA,1,0,1,NA,NA,0,NA,NA,1,NA,1,1,NA,1,NA,1,NA
"68","Polecat Creek","100800",16.61,384,22,0.3118959,0,20.927,5,0,0.628945459,NA,1,NA,NA,0,0,NA,NA,NA,NA,NA,NA,NA,NA,NA,NA,0,NA,NA,0
"69","Pass Creek","101800",17.34,383,32,22.97974496,0,111.418,8,0,0.762569704,1,1,1,1,0,1,NA,NA,NA,NA,NA,NA,NA,NA,NA,NA,NA,NA,NA,NA
"70","O'Fallon Creek","101000",20.58,381,24,52.0880826,0,245.585,8,1,0.723321212,1,1,1,1,0,1,NA,1,1,NA,NA,NA,NA,NA,NA,1,1,1,0,NA
"71","","100800",15.95,379,31,21.22813372,1,92.757,5,0,0.794860605,NA,1,1,NA,1,1,NA,NA,NA,NA,NA,0,NA,NA,NA,NA,NA,NA,NA,1
"72","Nelson Creek","100401",20.32,378,29,1.3987846,0,44.004,5,0,0.580036369,1,NA,1,1,NA,1,NA,NA,1,NA,NA,1,NA,1,NA,NA,NA,NA,NA,NA
"73","Muddy Creek","100800",18.73,377,31,5.37008904,0,79.945,5,0,0.734248485,NA,1,NA,NA,0,0,NA,NA,NA,NA,NA,NA,NA,NA,1,NA,1,NA,NA,0
"74","Little Warm Creek","100500",18.41,375,18,0.8287516,1,52.735,2,0,0.586123991,1,1,NA,NA,NA,1,NA,NA,NA,NA,NA,1,1,NA,NA,NA,NA,NA,NA,NA
"75","Medicine Bow River","101800",17.24,374,62,216.7895805,0,232.172,5,0,0.747224244,NA,1,1,1,0,0,NA,NA,NA,NA,NA,NA,NA,NA,NA,NA,NA,NA,NA,NA
"76","Little Missouri River","101102",19.11,372,55,99.10784895,0,1005.347,10,1,0.692612123,1,0,NA,1,NA,NA,NA,1,1,NA,NA,NA,NA,NA,0,1,0,1,1,NA
"77","H S Creek","101102",18.22,369,24,0.97261495,0,11.977,7,1,0.446145457,0,NA,0,NA,NA,0,NA,1,0,NA,NA,NA,0,NA,NA,NA,NA,NA,NA,NA
"78","Kill Woman Creek","100401",20.99,368,26,0.72721708,0,21.27,2,0,0.317175761,0,NA,NA,NA,NA,NA,NA,NA,NA,NA,NA,NA,NA,0,NA,NA,NA,NA,NA,NA
"79","Kirby Creek","100800",19.49,367,22,2.09441085,0,28.309,4,0,0.579496972,NA,1,1,NA,NA,1,NA,NA,NA,NA,NA,1,NA,NA,NA,NA,NA,NA,NA,1
"80","Fly Creek","100700",20.38,365,23,10.08365326,0,76.218,1,0,0.630303029,NA,NA,NA,NA,NA,NA,NA,NA,1,NA,NA,NA,NA,NA,NA,NA,NA,NA,NA,NA
"81","Fish Creek","100402",17.03,363,26,23.72343863,0,135.557,9,0,0.844357583,0,1,NA,NA,0,1,NA,NA,NA,NA,NA,0,NA,NA,0,0,0,NA,NA,0
"82","Elbow Creek","100700",17.86,362,22,5.95507071,0,48.572,4,0,0.641690908,1,1,NA,NA,NA,1,NA,NA,NA,NA,NA,1,NA,NA,NA,NA,NA,NA,NA,NA
"83","Goose Creek","100901",18.02,361,48,75.70858735,0,17.034,9,1,0.88307273,NA,1,1,NA,0,1,NA,0,1,0,NA,NA,NA,NA,1,0,NA,NA,NA,NA
"84","Fourchette Creek","100401",21.35,360,26,6.05994959,0,63.793,7,1,0.552393937,0,NA,NA,NA,NA,1,NA,NA,1,NA,NA,0,NA,0,NA,NA,NA,NA,1,NA
"85","Dry Creek","100800",19.38,359,86,17.94692216,0,150.211,4,0,0.787115148,NA,1,NA,NA,0,1,NA,NA,NA,NA,NA,NA,NA,0,NA,NA,1,NA,NA,NA
"86","East Fork Battle Creek","100500",18.34,357,21,10.35330336,0,69.483,1,1,0.660201554,1,NA,NA,NA,NA,1,NA,NA,NA,NA,NA,NA,NA,NA,NA,NA,NA,NA,NA,NA
"87","Eagle Creek","100302",17.37,356,23,0.37967871,1,10.915,1,0,0.734424246,0,NA,NA,NA,NA,NA,NA,NA,NA,NA,NA,NA,NA,NA,NA,NA,NA,NA,NA,NA
"88","Crow Creek","100500",19.28,354,23,4.06228234,0,47.505,7,0,0.627124075,1,NA,NA,NA,NA,1,NA,NA,NA,NA,NA,1,0,1,NA,NA,NA,NA,NA,NA
"89","Cottonwood Creek","100302",19.5,353,23,6.28311447,0,64.412,1,0,0.711012123,1,NA,NA,NA,NA,NA,NA,NA,0,NA,NA,NA,NA,NA,NA,NA,NA,NA,NA,NA
"90","Cottonwood Creek","100800",19.63,352,22,37.12014651,0,111.569,8,0,0.865533334,0,1,NA,1,0,1,NA,NA,NA,NA,NA,1,NA,NA,NA,NA,1,NA,NA,1
"91","Bridger Creek","100800",18.85,351,22,3.84950884,0,54.441,5,0,0.695424241,0,1,NA,0,NA,0,NA,NA,NA,NA,NA,0,NA,NA,NA,NA,NA,NA,NA,NA
"92","Boxelder Creek","101102",19.91,350,25,54.70164012,0,75.088,9,1,0.722509087,1,1,0,1,NA,1,NA,1,1,NA,NA,NA,0,NA,1,1,1,1,NA,NA
"93","Cabin Creek","101000",20.69,349,25,9.72964822,0,153.77,3,0,0.602212123,1,NA,1,1,NA,1,NA,NA,NA,NA,NA,NA,0,NA,NA,NA,NA,NA,NA,NA
"94","Butte Creek","100600",19.67,348,24,6.48788197,0,58.637,4,1,0.715387877,1,NA,NA,1,NA,1,NA,NA,1,NA,NA,NA,NA,NA,NA,NA,NA,NA,NA,NA
"95","Big Sandy Creek","100500",19.89,347,25,62.21038977,0,96.332,3,0,0.715984985,1,1,NA,NA,NA,1,NA,NA,1,NA,NA,1,1,NA,NA,NA,NA,NA,NA,NA
"96","Big Dry Creek","100401",20.69,346,23,8.29579963,0,191.065,8,1,0.654757576,1,1,1,1,NA,1,NA,1,1,NA,NA,0,1,0,NA,NA,NA,1,1,NA
"97","Bennie Peer Creek","101000",21.88,345,24,12.4508658,0,82.492,8,0,0.712557572,1,NA,0,1,NA,0,NA,0,0,NA,NA,NA,0,NA,NA,NA,NA,NA,NA,NA
"98","Black Thunder Creek","101201",20.87,344,21,24.55640329,0,5.148,7,1,0.696154294,1,NA,NA,1,NA,0,NA,1,1,NA,NA,NA,NA,0,NA,NA,1,NA,1,NA
"99","Badwater Creek","100800",18.83,342,22,14.90453124,0,42.061,4,0,0.77330303,0,0,NA,1,NA,0,NA,NA,NA,NA,NA,NA,NA,NA,NA,NA,NA,NA,NA,NA
"100","Armells Creek","100401",21.82,341,26,10.60173913,0,94.536,6,0,0.758066669,1,NA,NA,NA,0,1,NA,NA,1,NA,NA,NA,NA,NA,NA,1,1,1,NA,NA
"101","Beaver Creek","100500",20.29,339,25,54.34921602,0,310.559,10,1,0.594430304,1,NA,NA,NA,NA,0,NA,NA,1,NA,NA,NA,NA,NA,NA,NA,NA,1,1,NA
"102","Beaver Creek","100901",21.38,338,24,3.00992444,0,334.752,2,0,0.459648484,1,NA,NA,NA,NA,0,NA,NA,NA,NA,NA,1,1,NA,NA,NA,NA,NA,NA,NA
"103","Beaver Creek","100800",17.01,337,31,13.12719916,0,137.857,7,0,0.756357572,0,1,1,1,NA,1,NA,NA,1,NA,NA,NA,NA,NA,NA,NA,1,NA,NA,1
"104","Battle Creek","100500",19.22,336,21,88.72535151,0,115.587,3,1,0.727234315,1,NA,NA,NA,NA,1,NA,NA,NA,NA,NA,NA,NA,NA,1,NA,NA,NA,NA,NA
"105","West Blacktail Creek","101000",20.37,335,22,2.54616286,1,7.733,3,1,0.414224242,1,NA,NA,NA,NA,NA,NA,1,NA,NA,NA,NA,NA,1,NA,NA,NA,NA,NA,NA
"106","Willow Creek","100500",19.9,331,24,18.94113259,0,96.394,7,0,0.679018178,1,1,NA,NA,NA,1,NA,NA,1,NA,NA,1,NA,1,NA,NA,1,1,NA,NA
"107","Steve Forks","100401",20.1,330,23,1.49695559,0,40.88,9,0,0.537957577,1,NA,NA,0,NA,NA,NA,NA,1,NA,NA,0,1,0,NA,NA,NA,NA,NA,NA
"108","Tie Creek","101102",18.41,329,24,1.74553524,1,27.993,5,0,0.615943405,0,NA,NA,NA,0,NA,NA,0,NA,NA,NA,NA,0,NA,NA,NA,NA,NA,NA,NA
"109","Tensleep Creek","100800",13.87,328,25,67.08234968,0,25.707,4,1,0.939563637,NA,0,NA,NA,NA,NA,0,NA,NA,1,1,NA,NA,NA,NA,NA,NA,NA,NA,NA
"110","Spring Creek","101201",18.71,327,60,3.67704864,0,18.933,4,0,0.615218178,0,NA,NA,0,NA,NA,NA,0,NA,NA,NA,NA,NA,0,NA,NA,NA,NA,NA,NA
"111","Salt Creek","1.009",17.91,324,17,7.06520771,0,143.784,4,0,0.766454541,1,0,NA,NA,NA,NA,NA,NA,NA,NA,NA,NA,NA,1,NA,NA,1,NA,NA,NA
"112","Laramie River","1.018e",18.57,323,15,83.4861456,1,14.301,5,1,0.418127276,NA,NA,NA,NA,1,0,NA,NA,NA,1,1,NA,NA,NA,NA,NA,NA,NA,NA,NA
"113","Big Creek","1.018e",15.29,322,21,90.42733702,1,13.646,6,1,0.843436357,NA,0,NA,NA,1,1,1,NA,NA,1,1,NA,NA,NA,NA,NA,NA,NA,NA,NA
"114","Spring Creek","1.012",19.65,320,17,11.3613872,0,152.195,8,1,0.627696964,NA,1,1,NA,NA,0,0,0,NA,1,NA,NA,NA,NA,NA,NA,NA,NA,NA,NA
"115","Spring Creek","1.012",19.99,319,18,11.3613872,0,152.195,7,1,0.683454549,NA,0,1,NA,NA,1,NA,NA,NA,1,1,NA,NA,NA,NA,NA,NA,NA,NA,NA
"116","Spring Creek","1.012",20.09,318,19,11.69596036,0,152.195,4,1,0.67385455,NA,0,NA,NA,NA,1,NA,NA,NA,1,1,NA,NA,NA,NA,NA,NA,NA,NA,NA
"117","Spring Creek","1.012",20.01,317,17,11.80117539,0,152.195,5,1,0.126309091,NA,0,1,NA,NA,1,0,NA,NA,1,1,NA,NA,NA,NA,NA,NA,NA,NA,NA
"118","Rapid Creek","1.012",17.29,316,18,27.7302496,0,37.268,3,1,0.744527268,NA,NA,NA,NA,NA,1,NA,NA,NA,1,1,NA,NA,NA,NA,NA,NA,NA,NA,NA
"119","Rapid Creek","1.012",16.92,315,14,28.17470884,0,37.268,4,1,0.676951513,NA,0,NA,NA,NA,1,NA,NA,NA,1,1,NA,NA,NA,NA,NA,NA,NA,NA,NA
"120","Rapid Creek","1.012",18.39,313,13,28.6407157,0,118.39,3,1,0.738466669,NA,NA,NA,NA,NA,1,NA,NA,NA,1,0,NA,NA,NA,NA,NA,NA,NA,NA,NA
"121","Rapid Creek","1.012",18.68,312,18,29.76932355,0,118.39,3,1,0.72929091,NA,NA,NA,NA,NA,1,NA,1,NA,1,NA,NA,NA,NA,NA,NA,NA,NA,NA,NA
"122","Rapid Creek","1.012",19.24,311,13,30.399594,0,118.39,8,1,0.739406062,NA,0,1,NA,NA,1,NA,0,NA,1,0,NA,NA,NA,NA,NA,NA,NA,NA,0
"123","Rapid Creek","1.012",19.44,310,14,30.74821169,0,118.39,9,1,0.696969002,0,1,NA,NA,NA,1,NA,NA,NA,1,0,NA,NA,NA,NA,NA,0,NA,NA,0
"124","Rapid Creek","1.012",14.79,309,17,22.30404271,0,26.638,4,1,0.717315157,NA,NA,NA,NA,NA,1,NA,NA,NA,1,1,NA,NA,NA,NA,NA,NA,NA,NA,NA
"125","Bear Butte Creek","1.012",14.99,308,17,0.90769557,0,96.15,4,0,0.472193937,NA,1,NA,NA,NA,0,1,NA,NA,NA,NA,NA,NA,NA,NA,NA,NA,NA,NA,1
"126","Bear Butte Creek","1.012",14.99,307,16,0.90769557,0,96.15,4,0,0.40158788,NA,1,NA,NA,NA,1,1,NA,NA,NA,1,NA,NA,NA,NA,NA,NA,NA,NA,0
"127","Bear Butte Creek","1.012",14.87,306,18,1.128129,0,96.15,5,0,0.521145455,NA,1,NA,NA,NA,0,1,NA,NA,NA,0,NA,NA,NA,NA,NA,NA,NA,NA,1
"128","Whitewood Creek","1.012",16.5,305,20,2.51773405,0,67.586,3,1,0.649193941,NA,1,NA,NA,NA,NA,1,NA,NA,1,NA,NA,NA,NA,NA,NA,NA,NA,NA,NA
"129","Whitewood Creek","1.012",16.68,304,20,2.51773405,0,67.586,4,1,0.683363633,NA,1,NA,NA,NA,NA,0,NA,NA,1,NA,NA,NA,NA,NA,NA,NA,NA,NA,1
"130","Whitewood Creek","1.012",16.89,303,20,2.51773405,0,67.586,4,1,0.709266663,NA,0,NA,NA,NA,NA,1,NA,NA,1,NA,NA,NA,NA,NA,NA,NA,NA,NA,1
"131","Whitewood Creek","1.012",16.62,302,20,3.28820961,0,67.586,4,1,0.699187885,NA,1,NA,NA,NA,NA,0,NA,NA,1,NA,NA,NA,NA,NA,NA,NA,NA,NA,1
"132","Whitewood Creek","1.012",19.23,301,16,5.13949412,0,67.586,4,1,0.761618181,NA,0,NA,NA,NA,1,NA,NA,NA,1,NA,NA,NA,NA,NA,NA,NA,NA,NA,1
"133","Whitewood Creek","1.012",20.44,300,19,7.23898486,0,67.586,6,0,0.797248488,0,0,1,0,NA,1,NA,NA,NA,NA,NA,NA,NA,NA,0,1,0,NA,1,NA
"134","Whitewood Creek","1.012",20.44,299,17,7.23898486,0,67.586,3,1,0.793048483,NA,0,NA,NA,NA,1,NA,1,NA,1,NA,NA,NA,NA,1,1,NA,NA,NA,1
"135","","1.012",22.99,298,23,3.23672815,0,24.349,5,0,0.555551514,NA,0,1,NA,NA,1,NA,0,NA,0,NA,NA,NA,NA,NA,NA,NA,NA,NA,NA
"136","Fall River","1.012",24.32,297,26,8.70282868,0,24.349,3,0,0.635078787,NA,NA,1,NA,NA,1,NA,0,NA,0,NA,NA,NA,NA,NA,NA,NA,NA,NA,1
"137","Fall River","1.012",23.93,296,26,9.08961653,0,24.349,3,1,0.62197576,NA,0,1,NA,NA,1,NA,1,NA,0,NA,NA,NA,NA,NA,NA,NA,NA,NA,1
"138","Fall River","1.012",24.4,295,20,8.10262555,0,24.349,7,0,0.623393943,0,1,NA,0,NA,1,NA,0,NA,NA,NA,NA,NA,NA,NA,NA,NA,NA,NA,0
"139","French Creek","1.012",18.15,294,24,7.69783065,0,110.873,6,1,0.657193933,0,1,1,NA,NA,1,1,NA,NA,1,1,NA,NA,NA,NA,NA,NA,NA,NA,1
"140","French Creek","1.012",18.15,293,26,7.69783065,0,110.873,5,1,0.651266666,0,NA,1,NA,NA,1,NA,NA,NA,1,NA,NA,NA,NA,NA,NA,NA,NA,NA,1
"141","French Creek","1.012",18.7,292,25,7.69783065,0,110.873,5,1,0.665993945,NA,1,1,NA,NA,1,NA,NA,NA,1,NA,NA,NA,NA,NA,NA,NA,NA,NA,0
"142","French Creek","1.012",20.16,291,25,7.93038588,0,110.873,7,1,0.63621213,0,1,1,NA,NA,1,NA,NA,NA,1,0,NA,NA,NA,NA,NA,NA,NA,NA,NA
"143","Flynn Creek","1.012",16.85,290,24,0.68992733,0,18.707,4,0,0.413406063,0,1,1,NA,NA,NA,0,NA,NA,NA,NA,NA,NA,NA,NA,NA,NA,NA,NA,1
"144","Grizzly Bear Creek","1.012",14.04,289,22,0.70342204,0,13.081,5,0,0.470490911,NA,1,1,NA,NA,1,1,NA,NA,0,NA,NA,NA,NA,NA,NA,NA,NA,NA,NA
"145","Grace Coolidge Creek","1.012",18.28,288,22,1.13661783,0,33.019,4,0,0.485842427,NA,1,1,NA,NA,1,1,NA,NA,NA,1,NA,NA,NA,NA,NA,NA,NA,NA,NA
"146","","1.012",17.72,287,24,0.00352184,0,59.88,4,1,0.830648484,NA,1,NA,NA,NA,1,NA,NA,NA,1,NA,NA,NA,NA,NA,0,NA,NA,NA,NA
"147","Redwater Creek","1.012",17.74,286,24,30.26997808,0,59.88,4,1,0.850193943,NA,0,NA,NA,NA,1,NA,NA,NA,1,NA,NA,NA,NA,1,NA,NA,NA,NA,0
"148","Battle Creek","1.012",15.74,285,25,2.57741487,0,120.939,4,1,0.573163635,0,0,1,NA,NA,1,1,NA,NA,1,NA,NA,NA,NA,NA,NA,NA,NA,NA,NA
"149","South Tongue River","1.009",10.6,282,21,45.1258612,0,15.283,5,1,0.827387878,NA,NA,NA,NA,NA,0,1,NA,NA,1,1,NA,NA,NA,NA,NA,NA,NA,NA,1
"150","Sand Creek","1.012",16.37,278,20,15.00140743,1,44.868,5,1,0.723981816,NA,NA,NA,NA,1,0,NA,NA,NA,1,1,NA,NA,NA,NA,NA,NA,NA,NA,NA
"151","Ross Fork Creek","1.004",17.41,277,59,43.16840879,0,82.545,4,1,0.925254547,NA,1,NA,NA,NA,0,NA,NA,0,1,NA,NA,NA,NA,1,NA,NA,NA,NA,0
"152","Shields River","1.007e",14.5,276,36,150.8141122,1,68.771,3,0,0.961218184,NA,NA,NA,NA,1,1,1,NA,NA,NA,1,NA,NA,NA,NA,NA,NA,NA,NA,1
"153","Shields River","1.007e",14.14,275,12,134.433988,1,68.771,4,0,0.959369699,NA,NA,NA,NA,1,1,NA,NA,NA,0,NA,NA,NA,NA,NA,NA,NA,NA,NA,0
"154","Sheep Creek","1.009",21.27,274,27,4.04843719,0,60.422,10,1,0.472872729,1,0,0,0,NA,1,NA,1,1,NA,NA,NA,NA,1,NA,NA,0,NA,NA,NA
"155","Rawhide Creek","1.018e",19.08,273,13,11.26710889,1,104.956,6,1,0.660230305,1,NA,0,0,NA,0,NA,1,1,NA,NA,NA,NA,NA,NA,NA,NA,NA,NA,NA
"156","Prairie Dog Creek","1.009",19.14,271,13,14.18262554,0,45.667,9,1,0.677205106,0,1,1,NA,1,1,NA,1,1,NA,NA,NA,NA,NA,1,1,0,NA,NA,0
"157","Powder River","1.009",20.7,270,53,247.4998374,0,682.695,5,0,0.764648483,NA,NA,NA,1,NA,NA,NA,NA,NA,NA,NA,NA,NA,1,NA,NA,1,1,1,NA
"158","Powder River","1.009",21.05,269,34,381.1995103,0,682.695,3,0,0.801696971,NA,0,NA,1,NA,NA,NA,NA,1,NA,NA,NA,NA,NA,1,NA,1,1,1,NA
"159","Powder River","1.009",21.09,268,32,382.4518798,0,682.695,3,0,0.25570909,1,1,NA,1,NA,NA,NA,NA,1,NA,NA,NA,NA,NA,1,NA,1,1,1,1
"160","Powder River","1.009",21.1,267,37,382.6465824,0,682.695,3,0,0.823230299,NA,1,NA,1,NA,NA,NA,NA,NA,NA,NA,NA,NA,NA,1,NA,1,1,1,NA
"161","Powder River","1.009",21.38,266,34,395.6607585,0,682.695,11,0,0.814199997,NA,1,NA,1,NA,NA,NA,NA,1,NA,NA,NA,NA,NA,1,0,1,1,1,NA
"162","Powder River","1.009",21.37,265,37,141.7196493,0,682.695,3,0,0.807139395,NA,1,NA,1,NA,NA,NA,NA,NA,NA,NA,NA,NA,1,NA,NA,1,1,1,NA
"163","Powder River","1.009",20.02,264,34,157.6676039,0,682.695,3,0,0.775478789,NA,1,NA,1,NA,NA,NA,NA,NA,NA,NA,NA,NA,NA,NA,NA,1,NA,NA,NA
"164","Powder River","1.009",20.74,263,34,182.4217514,0,682.695,4,0,0.770812125,1,1,NA,1,NA,NA,NA,NA,1,NA,NA,NA,NA,NA,1,NA,1,1,1,NA
"165","Powder River","1.009",21.18,262,34,264.6132705,0,682.695,3,1,0.806957572,1,1,1,1,NA,1,NA,1,NA,NA,NA,NA,NA,NA,NA,1,1,1,1,NA
"166","Redwater Creek","1.012",17.77,261,16,25.81800485,0,59.88,3,0,0.401042421,NA,1,NA,NA,NA,1,NA,NA,NA,0,NA,NA,NA,NA,NA,NA,NA,NA,NA,1
"167","Rawhide Creek","1.018e",19.64,260,69,13.17491493,1,104.956,4,1,0.651539396,NA,NA,1,0,NA,1,NA,1,1,NA,NA,NA,NA,NA,NA,NA,NA,NA,NA,NA
"168","Rawhide Creek","1.018e",19.06,259,69,5.89890532,1,104.956,8,0,0.627151506,1,1,1,1,NA,1,NA,NA,NA,NA,NA,NA,1,NA,NA,NA,NA,NA,NA,NA
"169","Red Canyon Creek","1.008e",14.51,258,14,2.32838224,0,11.69,5,1,0.771981823,NA,0,NA,NA,1,1,NA,NA,NA,1,0,NA,NA,NA,NA,NA,NA,NA,NA,NA
"170","","1.008e",13.85,257,17,111.153406,0,54.783,5,1,0.086430304,NA,1,NA,NA,NA,NA,1,NA,NA,1,1,NA,NA,NA,NA,NA,NA,NA,NA,NA
"171","","1.012",14.09,256,20,0.22559013,0,10.177,3,1,0.460242424,NA,NA,NA,NA,1,NA,NA,NA,NA,1,1,NA,NA,NA,NA,NA,NA,NA,NA,NA
"172","","1.004",19.94,252,18,223.9342887,0,202.346,4,0,0.440860606,NA,NA,NA,NA,0,NA,NA,NA,0,NA,NA,NA,NA,NA,NA,1,NA,NA,1,NA
"173","","1.018e",16.68,250,24,0.03891439,1,156.286,6,1,0.662975757,0,0,0,NA,1,1,NA,NA,NA,1,1,NA,NA,NA,NA,NA,NA,NA,NA,NA
"174","North Platte River","1.018e",19.23,247,85,858.2070252,1,156.286,8,0,0.788909094,0,1,1,1,1,1,NA,NA,NA,0,NA,NA,NA,NA,NA,NA,NA,NA,NA,NA
"175","North Laramie River","1.018e",19.83,245,22,19.50043439,1,2.255,11,1,0.719381816,0,0,1,1,NA,1,NA,1,1,NA,NA,NA,1,NA,0,1,NA,NA,NA,NA
"176","North Laramie River","1.018e",15.65,244,26,1.90433201,1,45.336,6,0,0.663072729,1,1,1,NA,0,1,1,NA,NA,NA,0,NA,NA,NA,NA,NA,NA,NA,NA,NA
"177","North Laramie River","1.018e",17.27,243,11,15.31586552,1,33.017,5,1,0.705351513,NA,1,NA,NA,1,1,1,NA,NA,1,1,NA,NA,NA,NA,NA,NA,NA,NA,NA
"178","North Laramie River","1.018e",15.96,241,32,6.06006814,1,45.336,6,1,0.743975762,NA,1,1,NA,NA,1,1,NA,NA,1,0,NA,NA,NA,NA,NA,NA,NA,NA,NA
"179","North Fork McDonald Creek","1.004",16.37,236,14,0.43831829,1,20.878,5,0,0.80366666,1,0,NA,NA,NA,1,NA,NA,NA,NA,NA,1,NA,NA,NA,NA,NA,NA,NA,NA
"180","","1.004",18.27,233,22,185.7411582,1,128.81,6,1,0.717333329,0,1,NA,NA,1,0,NA,NA,1,1,NA,NA,NA,NA,1,NA,NA,NA,NA,0
"181","","1.019e",17.81,232,17,4.49715688,1,38.128,6,0,0.755884851,NA,1,1,NA,NA,1,NA,NA,NA,0,NA,NA,NA,NA,NA,NA,NA,NA,NA,NA
"182","","1.019e",17.24,231,11,4.18363689,1,38.128,7,0,0.790121212,0,0,1,NA,NA,1,NA,NA,NA,NA,NA,NA,NA,NA,NA,NA,NA,NA,NA,NA
"183","","1.009",19.64,230,10,89.78209,0,682.695,9,0,0.554199999,1,1,0,1,NA,1,NA,NA,NA,NA,NA,NA,NA,0,1,0,1,1,1,1
"184","","1.009",20.32,229,10,200.5313241,0,682.695,13,0,0.756430301,0,1,0,1,NA,0,NA,NA,NA,NA,NA,NA,NA,0,0,1,1,1,1,NA
"185","","1.019e",18.18,228,28,4.72996286,1,38.128,9,0,0.763212121,0,1,1,NA,0,1,NA,0,NA,NA,NA,NA,NA,NA,NA,NA,NA,NA,NA,NA
"186","","1.009",21.15,226,26,184.2826277,0,682.695,7,0,0.769660607,NA,1,NA,1,NA,0,NA,NA,NA,NA,NA,NA,NA,0,1,NA,1,NA,1,NA
"187","Nowood River","1.008e",13.04,224,13,15.8495437,0,217.713,6,1,0.838242422,NA,1,NA,NA,1,0,NA,NA,NA,1,1,NA,NA,NA,NA,NA,NA,NA,NA,0
"188","","1.018e",13.67,222,34,2.07940385,0,18.896,4,1,0.712975755,NA,NA,1,NA,NA,1,1,NA,NA,1,NA,NA,NA,NA,NA,NA,NA,NA,NA,NA
"189","Musselshell River","1.004",22.04,208,42,328.0616346,0,231.649,3,1,0.72306667,NA,1,NA,NA,0,NA,NA,NA,1,NA,NA,NA,NA,NA,NA,NA,NA,NA,1,NA
"190","Musselshell River","1.004",15.67,207,40,71.44652722,0,14.848,5,1,0.973296976,NA,1,NA,NA,1,1,NA,NA,NA,1,0,NA,NA,NA,NA,NA,NA,NA,NA,0
"191","Musselshell River","1.004",21.54,204,42,313.8399397,1,33.013,8,0,0.721600002,NA,NA,NA,1,1,NA,NA,NA,1,NA,NA,NA,NA,NA,1,1,0,0,NA,0
"192","Muddy Creek","1.019e",18.97,198,55,2.70733593,0,30.723,3,1,0.671769695,1,1,1,NA,NA,1,NA,NA,NA,NA,NA,NA,1,NA,NA,NA,NA,NA,NA,NA
"193","Long Creek","1.018e",15.38,194,21,0.26933286,0,16.932,3,1,0.54009091,NA,1,NA,NA,NA,1,1,NA,NA,1,NA,NA,NA,NA,NA,NA,NA,NA,NA,NA
"194","Lodgepole Creek","1.019e",20.71,193,25,254.722626,0,231.667,3,1,0.623842416,1,NA,0,NA,NA,NA,NA,1,1,NA,NA,NA,NA,NA,NA,NA,NA,NA,NA,NA
"195","Lone Tree Creek","1.019e",17.07,192,15,1.64211843,1,43.77,4,0,0.792842424,1,NA,1,NA,NA,1,NA,NA,NA,NA,NA,NA,NA,NA,NA,NA,NA,NA,NA,NA
"196","Lone Tree Creek","1.019e",16.4,191,22,0.64466568,1,43.77,3,0,0.736933336,1,0,1,NA,NA,1,NA,NA,NA,NA,NA,NA,NA,NA,NA,NA,NA,NA,NA,NA
"197","Lodgepole Creek","1.019e",18.69,189,34,9.20326527,1,99.45,5,0,0.789387878,1,NA,1,NA,NA,1,NA,NA,NA,NA,NA,NA,1,1,NA,NA,NA,NA,NA,NA
"198","Lodgepole Creek","1.019e",18.51,188,67,8.7866836,1,99.45,6,0,0.787436362,1,NA,1,NA,NA,0,NA,NA,NA,NA,NA,NA,1,NA,NA,NA,NA,NA,NA,NA
"199","Lodgepole Creek","1.019e",17.44,187,22,6.07179325,1,99.45,7,0,0.7127697,0,1,1,NA,NA,1,NA,NA,NA,NA,NA,NA,1,1,NA,NA,NA,NA,NA,NA
"200","Laramie River","1.018e",20.97,185,52,263.5005477,1,104.104,11,1,0.696448485,1,1,1,1,1,1,NA,1,1,1,NA,NA,1,NA,1,1,NA,1,1,NA
"201","Laramie River","1.018e",20.36,184,44,327.448706,0,22.674,6,1,0.506739389,0,NA,1,1,1,1,NA,NA,1,NA,NA,NA,1,NA,0,1,NA,NA,NA,NA
"202","Laramie River","1.018e",15.63,183,26,46.6301443,1,99.993,3,1,0.739363638,NA,1,NA,NA,1,NA,NA,NA,NA,1,NA,NA,NA,NA,NA,NA,NA,NA,NA,NA
"203","Laramie River","1.018e",15.62,182,25,47.63749088,1,99.993,3,1,0.734896976,NA,1,NA,NA,1,NA,NA,NA,NA,1,NA,NA,NA,NA,NA,NA,NA,NA,NA,NA
"204","Laramie River","1.018e",18.36,180,27,194.5867109,0,123.061,5,0,0.626363637,1,1,1,NA,1,1,NA,NA,1,NA,NA,NA,1,NA,NA,NA,NA,NA,NA,NA
"205","Laramie River","1.018e",20.14,179,24,258.4005158,1,104.104,14,1,0.686763632,1,0,1,0,1,1,NA,1,1,NA,NA,NA,0,NA,1,NA,NA,NA,NA,NA
"206","Laramie River","1.018e",16.91,178,21,250.5861079,1,104.104,6,1,0.674642422,NA,1,1,NA,1,1,NA,NA,0,1,NA,NA,NA,NA,1,NA,NA,NA,NA,NA
"207","Laramie River","1.018e",18.63,177,20,250.5861079,1,104.104,8,1,0.660048485,NA,1,1,NA,NA,1,1,NA,1,1,1,NA,NA,NA,1,NA,NA,NA,NA,NA
"208","Laramie River","1.018e",14.17,176,12,18.055353,1,99.993,3,1,0.779424243,NA,NA,NA,NA,1,NA,1,NA,NA,1,NA,NA,NA,NA,NA,NA,NA,NA,NA,NA
"209","Laramie River","1.018e",17.25,175,19,64.53348101,1,25.729,5,1,0.610793936,1,1,1,NA,1,1,NA,NA,NA,1,NA,NA,1,NA,NA,NA,NA,NA,NA,NA
"210","Lance Creek","1.012",21.86,174,15,49.52163138,0,148.488,7,0,0.706242428,1,1,NA,1,NA,1,NA,NA,NA,NA,NA,NA,NA,1,NA,NA,1,1,NA,NA
"211","Laramie River","1.018e",20.53,172,51,375.5941129,0,24.972,13,1,0.531957572,0,1,1,0,0,1,NA,1,1,NA,NA,NA,NA,NA,1,0,NA,NA,NA,NA
"212","La Bonte Creek","1.018e",19.15,170,17,4.28948871,0,66.704,8,0,0.786963638,NA,1,1,1,1,1,0,NA,NA,NA,1,NA,NA,NA,NA,NA,NA,NA,NA,NA
"213","Little Powder River","1.009",21.94,167,32,56.68568746,0,257.846,11,1,0.781660604,1,1,NA,1,NA,1,NA,1,1,NA,NA,0,NA,NA,1,1,1,1,1,NA
"214","Little Powder River","1.009",20.37,166,49,21.05739573,0,257.846,9,0,0.784903031,1,1,NA,1,NA,1,NA,0,NA,NA,NA,NA,NA,0,1,1,0,1,NA,NA
"215","Little Powder River","1.009",21.38,165,52,47.33956798,0,257.846,9,1,0.782763635,1,1,NA,1,NA,1,NA,1,1,NA,NA,NA,NA,0,1,1,1,1,1,NA
"216","Little Missouri River","1.011",18.98,163,57,29.94519944,0,1005.347,8,0,0.690018182,1,0,NA,1,NA,1,NA,NA,NA,NA,NA,NA,NA,0,NA,1,0,NA,1,1
"217","Little Missouri River","1.011",18.17,162,27,3.71619721,0,1005.347,5,0,0.599284843,1,NA,1,1,NA,1,NA,0,NA,NA,NA,0,NA,NA,NA,NA,NA,NA,NA,NA
"218","Little Missouri River","1.011",18.84,161,15,26.07513358,0,1005.347,5,0,0.688763633,1,NA,NA,1,NA,1,NA,0,NA,NA,NA,NA,NA,NA,1,1,NA,1,1,NA
"219","Little Missouri River","1.011",18.57,160,28,11.88304219,0,1005.347,4,0,0.693242425,1,NA,NA,1,NA,1,NA,0,0,NA,NA,NA,NA,NA,NA,NA,NA,NA,NA,NA
"220","Little Medicine Bow River","1.018e",15.99,157,45,6.17503226,0,101.29,4,0,0.723945452,1,1,1,NA,NA,1,NA,NA,NA,NA,NA,NA,NA,NA,NA,NA,NA,NA,NA,NA
"221","Little Beaver Creek","1.011",18.7,156,17,11.06784138,0,179.762,6,0,0.77706667,NA,NA,NA,1,NA,0,NA,0,1,NA,NA,NA,NA,NA,0,1,NA,NA,NA,NA
"222","Inyan Kara Creek","1.012",17.29,137,45,5.00735527,0,91.656,6,0,0.760030304,0,1,1,1,NA,1,NA,NA,NA,NA,NA,NA,NA,NA,NA,NA,NA,NA,NA,0
"223","Inyan Kara Creek","1.012",19.47,136,55,17.32633867,0,91.656,9,0,0.825151516,0,NA,1,0,NA,1,NA,0,NA,NA,NA,NA,NA,0,1,1,0,0,NA,NA
"224","Horse Creek","1.018e",19.12,134,24,36.80959319,1,136.314,7,0,0.618551515,NA,0,1,NA,0,1,NA,NA,1,0,NA,NA,NA,NA,0,NA,NA,NA,NA,NA
"225","Horse Creek","1.018e",18.56,133,29,27.03760899,1,136.314,7,1,0.724381826,NA,1,1,NA,0,1,0,NA,NA,1,NA,NA,1,NA,1,NA,NA,NA,NA,NA
"226","Horse Creek","1.018e",19.46,132,29,38.94474004,1,136.314,11,0,0.656618185,0,1,1,1,1,1,NA,NA,1,NA,NA,NA,1,NA,1,NA,NA,NA,NA,NA
"227","Horse Creek","1.018e",20.01,131,29,82.33099307,1,136.314,13,1,0.685260605,1,1,1,1,1,1,NA,1,1,NA,NA,NA,1,NA,1,NA,NA,NA,NA,NA
"228","Horse Creek","1.018e",20.17,130,34,82.75555116,1,34.973,15,1,0.6964303,0,1,1,1,0,1,NA,1,1,NA,NA,NA,1,NA,NA,NA,NA,NA,1,NA
"229","Horse Creek","1.018e",20.24,129,34,92.72555238,0,20.214,12,1,0.568909095,0,0,1,1,1,1,NA,1,1,NA,NA,NA,0,NA,1,NA,NA,NA,1,NA
"230","Horse Creek","1.018e",18.38,128,16,0.14133583,1,38.072,5,1,0.554684849,NA,1,1,NA,1,1,1,NA,NA,1,NA,NA,NA,NA,NA,NA,NA,NA,NA,NA
"231","Horse Creek","1.018e",20.24,127,63,87.07962444,1,34.973,5,1,0.514824241,0,1,1,1,1,1,NA,1,1,NA,NA,NA,NA,NA,1,1,NA,NA,NA,NA
"232","Horse Creek","1.018e",18.88,126,29,30.20575509,1,136.314,6,1,0.526818182,NA,1,1,1,1,1,NA,NA,NA,1,NA,NA,NA,NA,1,NA,NA,NA,NA,NA
"233","Horse Creek","1.018e",18.15,125,24,17.91826645,1,24.628,4,1,0.722000005,NA,1,1,NA,NA,1,1,NA,NA,1,NA,NA,NA,NA,NA,NA,NA,NA,NA,NA
"234","Encampment River","1.018e",15.58,124,11,128.3795824,1,25.829,3,1,0.830981818,NA,1,NA,NA,NA,NA,1,NA,NA,1,1,NA,NA,NA,NA,NA,NA,NA,NA,NA
"235","Encampment River","1.018e",16.02,123,13,141.1028391,1,25.829,5,1,0.834927274,NA,1,NA,NA,0,NA,NA,NA,NA,1,1,NA,NA,NA,NA,NA,NA,NA,NA,NA
"236","Grass Creek","1.008e",14.89,114,10,5.32381125,0,75.323,4,1,0.658921209,NA,1,NA,NA,NA,NA,NA,NA,NA,1,0,NA,NA,NA,NA,NA,NA,NA,NA,1
"237","Deer Creek","1.018e",17.97,112,32,8.62493134,0,30.423,6,1,0.794478783,1,1,1,NA,0,1,NA,1,NA,1,0,NA,NA,NA,NA,NA,NA,NA,NA,NA
"238","Deer Creek","1.018e",17.14,111,17,8.39463348,0,30.423,4,1,0.79767879,NA,1,NA,NA,0,NA,NA,NA,NA,1,1,NA,0,NA,NA,NA,NA,NA,NA,NA
"239","Deer Creek","1.018e",18.52,110,17,8.76697815,0,30.423,9,1,0.806351517,0,1,1,1,0,1,NA,NA,NA,1,1,NA,NA,NA,NA,NA,NA,NA,NA,NA
"240","Deer Creek","1.018e",19.21,109,11,9.49413569,0,30.423,8,1,0.687575756,1,1,1,1,0,1,NA,1,NA,1,NA,NA,NA,NA,NA,NA,NA,NA,NA,NA
"241","East Fork Wind River","1.008e",14.45,108,11,170.6642444,0,29.365,7,1,0.814242424,NA,1,NA,NA,1,NA,NA,NA,NA,1,0,NA,NA,NA,NA,NA,NA,NA,NA,1
"242","Eagle Creek","1.006e",19.32,106,14,1.53502095,0,58.297,6,1,0.599449516,0,NA,NA,NA,NA,0,NA,NA,NA,NA,NA,NA,0,NA,NA,NA,NA,NA,NA,NA
"243","Clear Creek","1.009",22.33,104,45,112.2688886,0,70.151,8,1,0.783660607,NA,NA,0,NA,NA,0,NA,NA,NA,NA,NA,NA,NA,NA,1,1,1,NA,0,NA
"244","Clear Creek","1.009",19.04,103,51,101.2692506,0,70.151,8,1,0.774721216,1,0,1,NA,1,1,NA,NA,NA,NA,NA,NA,0,0,1,1,0,1,NA,NA
"245","Clear Creek","1.005e",18.15,99,13,9.68170058,0,85.313,6,0,0.849666664,0,0,NA,NA,NA,1,NA,NA,NA,NA,1,0,NA,NA,NA,NA,NA,NA,NA,1
"246","Chugwater Creek","1.018e",19.29,98,42,35.66528558,1,125.122,6,0,0.724066667,1,1,1,0,NA,1,NA,NA,NA,NA,NA,NA,NA,NA,NA,NA,NA,NA,NA,NA
"247","Cheyenne River","1.012",22.05,97,13,197.8490771,0,262.34,9,1,0.721454546,1,0,NA,1,NA,1,NA,1,0,NA,NA,NA,NA,1,NA,NA,0,0,NA,NA
"248","Cheyenne River","1.012",21.61,95,16,97.81962896,0,262.34,8,1,0.715375759,1,0,NA,1,NA,NA,NA,1,1,NA,NA,NA,NA,0,NA,NA,0,0,NA,NA
"249","Cheyenne River","1.012",21.94,94,28,192.2543478,0,262.34,3,0,0.72590909,1,1,NA,1,NA,1,NA,NA,1,NA,NA,NA,NA,NA,NA,NA,1,1,1,NA
"250","Crow Creek","1.009",21.31,93,19,7.07103539,0,102.355,9,0,0.525757582,1,NA,0,1,NA,0,NA,0,1,NA,NA,NA,0,0,NA,NA,NA,0,NA,NA
"251","Crazy Woman Creek","1.009",20.46,92,18,38.03778631,1,158.213,5,1,0.706150025,NA,NA,0,NA,NA,1,NA,NA,NA,NA,NA,NA,NA,NA,NA,1,NA,1,1,0
"252","Box Elder Creek","1.018e",18.07,90,31,5.80781123,1,61.595,3,1,0.823090913,NA,1,1,NA,NA,1,0,NA,NA,1,0,NA,NA,NA,NA,NA,NA,NA,NA,NA
"253","Box Elder Creek","1.018e",18.34,89,31,6.37923309,1,61.595,5,1,0.806406066,NA,1,0,NA,NA,1,1,NA,NA,1,1,NA,NA,NA,NA,NA,NA,NA,NA,NA
"254","Box Elder Creek","1.018e",19.4,88,31,6.38022454,1,61.595,7,1,0.833030305,NA,1,1,NA,0,1,NA,NA,NA,1,1,NA,NA,NA,0,NA,NA,NA,NA,NA
"255","Cache la Poudre River","1.019e",16.79,71,16,366.4711475,1,1.469,3,1,0.812709093,NA,1,NA,NA,1,NA,NA,NA,NA,1,NA,NA,NA,NA,NA,NA,NA,NA,NA,NA
"256","Belle Fourche River","1.012",22.54,65,71,116.8728178,1,282.969,9,0,0.809896971,0,1,1,1,NA,1,NA,0,NA,NA,NA,NA,NA,0,1,NA,0,0,0,NA
"257","Belle Fourche River","1.012",21.51,64,46,137.8940722,1,282.969,10,1,0.829781819,1,0,NA,1,NA,1,NA,1,NA,NA,NA,1,NA,0,1,1,0,1,0,NA
"258","Belle Fourche River","1.012",22.25,63,46,155.6746636,1,282.969,12,1,0.839660603,1,0,NA,1,NA,1,NA,0,NA,NA,NA,NA,NA,0,1,1,1,1,1,NA
"259","Belt Creek","1.003",18.17,62,13,82.76930672,0,126.339,10,0,0.891793939,NA,0,NA,0,0,0,NA,NA,NA,NA,1,0,NA,NA,0,0,NA,NA,NA,1
"260","Belle Fourche River","1.012",23,60,57,124.9873271,1,282.969,4,0,0.821236365,1,0,1,1,NA,1,NA,NA,NA,NA,NA,NA,NA,NA,1,1,0,1,1,NA
"261","Arrow Creek","1.004",19.84,47,14,22.23152846,0,143.768,8,0,0.918060604,0,0,NA,NA,NA,0,NA,NA,NA,NA,NA,0,NA,0,NA,NA,1,NA,NA,1
"262","Antelope Creek","1.012",19.68,46,18,37.90202741,0,123.262,3,1,0.752666668,1,NA,NA,1,NA,1,NA,1,1,NA,NA,NA,NA,1,NA,NA,NA,NA,NA,NA
"263","Beaver Creek","1.004",14.09,44,11,2.78390404,0,34.644,5,0,0.850569694,NA,NA,NA,NA,1,1,1,NA,NA,0,NA,NA,NA,NA,NA,NA,NA,NA,NA,0
"264","Beaver Creek","1.008e",16.64,43,11,19.89261258,0,7.574,4,1,0.828012123,1,1,NA,NA,0,1,NA,NA,NA,1,NA,NA,NA,NA,NA,NA,NA,NA,NA,1
"265","Beaver Creek","1.012",20.17,42,45,10.59515945,1,39.972,7,0,0.617284848,1,1,NA,1,NA,1,NA,0,NA,NA,NA,NA,NA,0,NA,NA,0,NA,NA,NA
"266","Bear Creek","1.018e",18.81,41,17,20.86264745,0,87.993,4,0,0.686351518,NA,1,1,NA,NA,1,NA,NA,NA,0,NA,NA,NA,NA,NA,NA,NA,NA,NA,NA
"267","Wagonhound Creek","1.018e",15.33,26,10,2.40110408,0,35.258,4,1,0.832193936,NA,0,1,NA,1,1,NA,NA,NA,1,1,NA,NA,NA,NA,NA,NA,NA,NA,NA
"268","Tenmile Creek","1.009",20.7,23,27,1.87431508,0,29.785,11,0,0.395636365,1,0,0,NA,0,0,NA,0,NA,NA,NA,0,NA,NA,0,NA,0,NA,NA,NA
"269","Tenmile Creek","1.009",21.03,22,37,1.92484798,0,29.785,10,0,0.366963634,1,1,0,1,0,1,NA,0,NA,NA,NA,NA,0,NA,NA,NA,0,1,NA,NA
"270","Sweetwater River","1.018e",19.27,21,25,47.18497001,0,15.66,8,1,0.634139392,1,1,1,1,1,1,NA,NA,1,NA,1,NA,NA,NA,NA,NA,NA,NA,NA,NA
"271","Sweetwater River","1.018e",16.12,20,18,14.60020586,1,48.654,5,1,0.803903029,NA,1,NA,NA,0,1,NA,NA,NA,1,0,NA,NA,NA,NA,NA,NA,NA,NA,NA
"272","Sweetwater River","1.018e",17.47,17,18,36.17224963,1,23.167,7,0,0.733884848,1,1,NA,1,1,1,NA,NA,NA,0,1,NA,NA,NA,NA,NA,NA,NA,NA,NA
"273","Sun River","1.003",16.83,16,18,486.8919609,1,91.073,3,0,0.693387882,NA,NA,NA,NA,NA,1,NA,NA,NA,0,1,NA,NA,NA,NA,NA,NA,NA,NA,1
"274","Sun River","1.003",18.6,15,16,525.4510969,1,91.073,6,1,0.927187874,NA,0,NA,NA,0,1,NA,NA,NA,1,0,NA,NA,NA,NA,NA,NA,NA,NA,0
"275","Sun River","1.003",18.6,14,12,528.0579333,0,50.222,7,1,0.92741212,NA,0,NA,NA,1,1,NA,NA,0,1,1,NA,NA,NA,NA,NA,NA,NA,NA,NA
"276","Tongue River","1.009",18.34,12,44,175.3228275,0,35.04,12,1,0.832054548,NA,0,NA,0,1,1,NA,NA,NA,1,NA,0,NA,NA,1,1,0,NA,1,0
"277","Tongue River","1.009",22.4,10,21,330.9238759,0,334.752,13,1,0.737224241,NA,NA,NA,NA,0,1,NA,NA,0,NA,NA,NA,NA,0,0,0,0,0,0,NA
"278","Spring Creek","1.018e",16.08,2,19,1.60193908,0,101.29,3,0,0.719266667,1,1,1,NA,1,1,NA,NA,NA,NA,NA,NA,NA,NA,NA,NA,NA,NA,NA,NA
